name,price,spec_score,display_inches,pixel_resolution,network_connection,smart_tv,speakers,processor,viewing_angle,misc
OnePlus Q2 Pro 65 inch Smart QLED TV,"₹65,999",83,"65 in, QLED TV","4K Resolution, 3840 x 2160 pixels","Wifi, Ethernet",Smart TV,70 w Output,"3 GB RAM, 32 GB Storage",178 ° Viewing Angle,"4 HDMI Ports, 3 USB Ports"
Samsung UA43AU7600KXXL 43 inch Ultra HD 4K Smart LED TV,"₹33,490",64,"43 in, LED TV","4K Resolution, 3840 x 2160 pixels",Wifi,Smart TV,"2 Speakers, 20 w Output",Crystal Processor 4K Processor,178 ° Viewing Angle,"3 HDMI Ports, 1 USB Ports"
Xiaomi Smart TV 5A 32 inch HD Ready Smart LED TV,"₹13,999",49,"32 in, LED TV",1366 x 768 pixels,"Wifi, Ethernet",Smart TV,"2 Speakers, 20 w Output","Cortex A35 64-bit Quad Core Processor, 1 GB RAM, 8 GB Storage",178 ° Viewing Angle,"2 HDMI Ports, 2 USB Ports"
Sansui JSW55GSQLED 55 inch Ultra HD 4K Smart QLED TV,"₹36,990",74,"55 in, QLED TV","4K Resolution, 3840 x 2160 pixels","Wifi, Ethernet",Smart TV,"2 Speakers, 20 w Output","CA53 Processor, 2 GB RAM, 16 GB Storage",178 ° Viewing Angle,"3 HDMI Ports, 2 USB Ports"
Sony Bravia KD-43X75K 43-inch Ultra HD 4K Smart LED Google TV,"₹46,540",64,"43 in, LED TV","4K Resolution, 3840 x 2160 pixels","Wifi, Ethernet",Smart TV,"2 Speakers, 20 w Output",‎X1 4K Processor Processor,178 ° Viewing Angle,"3 HDMI Ports, 2 USB Ports"
Samsung UA32T4360 32 inch HD Ready Smart LED TV,"₹17,290",41,"32 in, LED TV",1366 x 768 pixels,Wifi,Smart TV,"2 Speakers, 20 w Output",178 ° Viewing Angle,"2 HDMI Ports, 1 USB Ports",Screen Mirroring / Miracast Support
LG 55UQ8050PSB 55 inch Ultra HD 4K LED Smart TV,"₹60,490",73,"55 in, LED TV","4K Resolution, 3840 x 2160 pixels","Wifi, Ethernet",Smart TV,"2 Speakers, 20 w Output",178 ° Viewing Angle,"4 HDMI Ports, 3 USB Ports",Screen Mirroring / Miracast Support
OnePlus Y1S Pro 43 inch Ultra HD 4K Smart LED TV,"₹29,999",71,"43 in, LED TV","4K Resolution, 3840 x 2160 pixels","Wifi, Ethernet",Smart TV,"2 Speakers, 24 w Output","2 GB RAM, 8 GB Storage",178 ° Viewing Angle,"3 HDMI Ports, 2 USB Ports"
Xiaomi Redmi X Pro 65 inch Ultra HD 4K Gaming TV,"₹29,990",62,"65 in, LED TV","4K Resolution, 3840 x 2160 pixels","Wifi, Ethernet",Smart TV,2 Speakers,"A73 chip Processor, 3 GB RAM, 32 GB Storage",178 ° Viewing Angle,3D TV: No
Sony Bravia X80K 55 inch Ultra HD 4K Smart LED TV (KD-55X80K),"₹79,990",74,"55 in, LED TV","4K Resolution, 3840 x 2160 pixels","Wifi, Ethernet",Smart TV,"2 Speakers, 20 w Output","4K HDR Processor X1 Processor, 16 GB Storage",178 ° Viewing Angle,"4 HDMI Ports, 2 USB Ports"
Acer AR32AR2841HDFL I Series 32-inch HD Ready Smart LED TV,"₹11,499",50,"32 in, LED TV",1366 x 768 pixels,"Wifi, Ethernet",Smart TV,"2 Speakers, 24 w Output","Quad Core Cortex-A55 x 4 64bit Processor, 1.5 GB RAM, 8 GB Storage",178 ° Viewing Angle,"2 HDMI Ports, 2 USB Ports"
Vu GloLED 43 inch Ultra HD 4K Smart LED TV (43GloLED),"₹26,999",72,"43 in, LED TV","4K Resolution, 3840 x 2160 pixels","Wifi, Ethernet",Smart TV,"3 Speakers, 84 w Output","Glo A.I Processor, 2 GB RAM, 16 GB Storage",178 ° Viewing Angle,"3 HDMI Ports, 2 USB Ports"
Samsung UA32T4380AKXXL 32-inch HD Ready Smart LED TV,"₹13,490",37,"32 in, LED TV",1366 x 768 pixels,Wifi,Smart TV,"2 Speakers, 20 w Output","2 HDMI Ports, 1 USB Ports",Screen Mirroring / Miracast Support,50 Hz
LG 43UQ8050PSB 43 inch Ultra HD 4K LED Smart TV,"₹43,240",68,"43 in, LED TV","4K Resolution, 3840 x 2160 pixels","Wifi, Ethernet",Smart TV,"2 Speakers, 20 w Output",178 ° Viewing Angle,"4 HDMI Ports, 3 USB Ports",Screen Mirroring / Miracast Support
Samsung The Wall Luxury 292-inch Ultra HD 8K Smart MicroLED TV,"₹88,00,000",79,"292 in, MicroLED TV","8K Resolution, 7680 x 4320 pixels",Wifi,Smart TV,"Ultra Slim, 178 ° Viewing Angle",3D TV: No,Screen Mirroring / Miracast Support,120 Hz
OnePlus Y1S Pro 55 inch Ultra HD 4K Smart LED TV,"₹39,999",73,"55 in, LED TV","4K Resolution, 3840 x 2160 pixels","Wifi, Ethernet",Smart TV,"2 Speakers, 24 w Output","MT9612 Processor, 2 GB RAM, 8 GB Storage",178 ° Viewing Angle,"3 HDMI Ports, 2 USB Ports"
Infinix 43Y1 43 inch Full HD Smart LED TV,"₹15,999",54,"43 in, LED TV","Full HD, 1920 x 1080 pixels","Wifi, Ethernet",Smart TV,"2 Speakers, 20 w Output","Quad Core Processor, 1 GB RAM, 4 GB Storage",178 ° Viewing Angle,"2 HDMI Ports, 2 USB Ports"
Sony Bravia KD-55X75K 55 inch Ultra HD 4K Smart LED TV,"₹63,640",68,"55 in, LED TV","4K Resolution, 3840 x 2160 pixels",Wifi,Smart TV,"2 Speakers, 20 w Output",16 GB Storage,178 ° Viewing Angle,"3 HDMI Ports, 2 USB Ports"
Samsung Crystal 55AU7700  55-inch Ultra HD 4K Smart LED TV,"₹55,750",69,"55 in, LED TV","4K Resolution, 3840 x 2160 pixels",Wifi,Smart TV,"2 Speakers, 20 w Output",178 ° Viewing Angle,"3 HDMI Ports, 1 USB Ports",3D TV: No
Samsung S95B 55 inch Ultra HD 4K Smart OLED TV (QN55S95BAFXZA),"₹1,31,990",82,"55 in, OLED TV","4K Resolution, 3840 x 2160 pixels","Wifi, Ethernet",Smart TV,"2 Speakers, 60 w Output",178 ° Viewing Angle,"4 HDMI Ports, 2 USB Ports",Screen Mirroring / Miracast Support
Xiaomi Mi TV 5 65-inch Ultra HD 4K Smart QLED TV,"₹40,990",69,"65 in, QLED TV","4K Resolution, 3840 x 2160 pixels","Wifi, Ethernet",Smart TV,4 Speakers,"Amlogic T972  Processor, 3 GB RAM, 32 GB Storage",178 ° Viewing Angle,"3 HDMI Ports, 2 USB Ports"
LG 43UQ8040PSB 43 Inch Ultra HD 4K Smart LED TV,"₹38,999",67,"43 in, LED TV","4K Resolution, 3840 x 2160 pixels","Wifi, Ethernet",Smart TV,"2 Speakers, 20 w Output",178 ° Viewing Angle,"4 HDMI Ports, 3 USB Ports",Screen Mirroring / Miracast Support
Samsung UA43BU8000KLXL 43 inch Ultra HD 4K Smart LED TV,"₹45,490",70,"43 in, LED TV","4K Resolution, 3840 x 2160 pixels","Wifi, Ethernet",Smart TV,"2 Speakers, 20 w Output",178 ° Viewing Angle,"3 HDMI Ports, 2 USB Ports",Screen Mirroring / Miracast Support
Hisense 43A6GE 43-inch Ultra HD 4K Smart LED TV,"₹20,990",72,"43 in, LED TV","4K Resolution, 3840 x 2160 pixels","Wifi, Ethernet",Smart TV,"2 Speakers, 24 w Output","Cortex-A53 Processor, 2 GB RAM, 16 GB Storage",178 ° Viewing Angle,"3 HDMI Ports, 2 USB Ports"
iFFALCON U62 43 inch Ultra HD 4K Smart LED TV (iFF43U62),"₹23,999",69,"43 in, LED TV","4K Resolution, 3840 x 2160 pixels","Wifi, Ethernet",Smart TV,"2 Speakers, 24 w Output","Quad Core Processor, 2 GB RAM, 16 GB Storage",178 ° Viewing Angle,"3 HDMI Ports, 1 USB Ports"
Sony Bravia 32W830K 32 inch HD Ready Smart LED TV,"₹26,990",48,"32 in, LED TV",1366 x 768 pixels,"Wifi, Ethernet",Smart TV,"2 Speakers, 20 w Output",178 ° Viewing Angle,"3 HDMI Ports, 2 USB Ports",3D TV: No
Vu GloLED 55 inch Ultra HD 4K Smart LED TV (55GloLED),"₹36,999",76,"55 in, LED TV","4K Resolution, 3840 x 2160 pixels","Wifi, Ethernet",Smart TV,"5 Speakers, 104 w Output","Glo AI Processor Processor, 2 GB RAM, 16 GB Storage",178 ° Viewing Angle,"3 HDMI Ports, 2 USB Ports"
Sony Bravia X80K 75 inch Ultra HD 4K Smart LED TV (KD-75X80K),"₹1,58,490",75,"75 in, LED TV","4K Resolution, 3480 x 2160 pixels","Wifi, Ethernet",Smart TV,"2 Speakers, 20 w Output",178 ° Viewing Angle,"3 HDMI Ports, 2 USB Ports",Supports Apps & Games
Samsung UA55BU8000KLXL 55 inch Ultra HD 4K Smart LED TV,"₹59,000",74,"55 in, LED TV","4K Resolution, 3840 x 2160 pixels","Wifi, Ethernet",Smart TV,"2 Speakers, 20 w Output",178 ° Viewing Angle,"3 HDMI Ports, 2 USB Ports",Screen Mirroring / Miracast Support
LG UQ75 43 inch Ultra HD 4K Smart LED TV (43UQ7550PSF),"₹34,990",65,"43 in, LED TV","4K Resolution, 3840 x 2160 pixels","Wifi, Ethernet",Smart TV,"2 Speakers, 20 w Output",178 ° Viewing Angle,"3 HDMI Ports, 2 USB Ports",Screen Mirroring / Miracast Support
Samsung Crystal 7 Series 55AU7600 55 inch Ultra HD 4K Smart LED TV,"₹49,290",67,"55 in, LED TV","4K Resolution, 3840 x 2160 pixels","Wifi, Ethernet",Smart TV,"2 Speakers, 20 w Output",Crystal Processor 4K Processor,178 ° Viewing Angle,"3 HDMI Ports, 1 USB Ports"
Sony Bravia X80K 65 inch Ultra HD 4K Smart LED TV (KD-65X80K),"₹91,990",77,"65 in, LED TV","4K Resolution, 3840 x 2160 pixels","Wifi, Ethernet",Smart TV,"2 Speakers, 20 w Output",178 ° Viewing Angle,"3 HDMI Ports, 2 USB Ports",Supports Apps & Games
Samsung UA43AUE65AKXXL 2022 43 Inch Ultra HD 4K Smart LED TV,"₹31,499",69,"43 in, LED TV","4K Resolution, 3840 x 2160 pixels","Wifi, Ethernet",Smart TV,"2 Speakers, 20 w Output","Crystal Processor 4K Processor, 1.5 GB RAM, 16 GB Storage",178 ° Viewing Angle,"3 HDMI Ports, 1 USB Ports"
Xiaomi Redmi X43 43 inch Ultra HD 4K Smart LED TV,"₹26,999",72,"43 in, LED TV","4K Resolution, 3840 x 2160 pixels","Wifi, Ethernet",Smart TV,"2 Speakers, 30 w Output","Cortex-A55 Processor, 2 GB RAM, 16 GB Storage",178 ° Viewing Angle,"3 HDMI Ports, 2 USB Ports"
Samsung Crystal 43AU7700 43-inch Ultra HD 4K Smart LED TV,"₹36,880",65,"43 in, LED TV","4K Resolution, 3840 x 2160 pixels",Wifi,Smart TV,"2 Speakers, 20 w Output",178 ° Viewing Angle,"3 HDMI Ports, 1 USB Ports",3D TV: No
Realme TV 32-inch HD Ready Smart LED TV,"₹13,999",50,"32 in, LED TV",1366 x 768 pixels,"Wifi, Ethernet",Smart TV,"4 Speakers, 24 w Output","MediaTek 6883 Processor, 1 GB RAM, 8 GB Storage",178 ° Viewing Angle,"3 HDMI Ports, 2 USB Ports"
Xiaomi Mi TV 5X 43-inch Ultra HD 4K Smart LED TV,"₹31,999",72,"43 in, LED TV","4K Resolution, 3840 x 2160 pixels","Wifi, Ethernet",Smart TV,"2 Speakers, 30 w Output","Quad Core Cortex A55 Processor, 2 GB RAM, 16 GB Storage",178 ° Viewing Angle,"3 HDMI Ports, 2 USB Ports"
LG C2 55 inch Ultra HD 4K OLED Smart TV (OLED55C2PSC),"₹1,13,990",81,"55 in, LED TV","4K Resolution, 3840 x 2160 pixels","Wifi, Ethernet",Smart TV,"2 Speakers, 40 w Output",178 ° Viewing Angle,"4 HDMI Ports, 3 USB Ports",Supports Apps & Games
Acer AR43AR2851UDFL I Series 43-inch Ultra HD 4K Smart LED TV,"₹23,999",73,"43 in, LED TV","4K Resolution, 3840 x 2160 pixels","Wifi, Ethernet",Smart TV,"2 Speakers, 30 w Output","64bit Quad Core Processor Processor, 2 GB RAM, 16 GB Storage",178 ° Viewing Angle,"3 HDMI Ports, 3 USB Ports"
Xiaomi Smart TV 5A 40 inch Full HD Smart LED TV,"₹21,999",54,"40 in, LED TV","Full HD, 1920 x 1080 pixels","Wifi, Ethernet",Smart TV,"2 Speakers, 24 w Output","Cortex A35 64-bit Quad Core Processor, 1.5 GB RAM, 8 GB Storage",178 ° Viewing Angle,"2 HDMI Ports, 2 USB Ports"
Thomson 9R Pro 43PATH4545BL 43-inch Ultra HD 4K Smart LED TV,"₹19,499",70,"43 in, LED TV","4K Resolution, 3840 x 2160 pixels","Wifi, Ethernet",Smart TV,"2 Speakers, 40 w Output","ARM Cortex A53 - 1.4 GHz Processor, 2 GB RAM, 8 GB Storage",178 ° Viewing Angle,"3 HDMI Ports, 2 USB Ports"
Samsung 32T4410 32-inch HD Ready LED Smart TV,"₹17,990",46,"32 in, LED TV",1366 x 768 pixels,Wifi,Smart TV,"2 Speakers, 20 w Output",178 ° Viewing Angle,"2 HDMI Ports, 1 USB Ports",3D TV: No
LG 32LM565BPTA 32-inch HD Ready Smart LED TV,"₹13,990",45,"32 in, LED TV",1366 x 768 pixels,"Wifi, Ethernet",Smart TV,"2 Speakers, 10 w Output","Quad Core Processor, 1 GB RAM, 4 GB Storage",180 ° Viewing Angle,"2 HDMI Ports, 1 USB Ports"
TCL P635 55 inch Ultra HD 4K Smart LED TV (55P635),"₹37,840",72,"55 in, LED TV","4K Resolution, 3840 x 2160 pixels","Wifi, Ethernet",Smart TV,"2 Speakers, 24 w Output","2 GB RAM, 16 GB Storage",178 ° Viewing Angle,"3 HDMI Ports, 1 USB Ports"
LG UQ80 55 inch Ultra HD 4K Smart LED TV (55UQ8040PSB),"₹51,990",68,"55 in, LED TV","4K Resolution, 3840 x 2160 pixels","Wifi, Ethernet",Smart TV,"2 Speakers, 20 w Output",178 ° Viewing Angle,"3 HDMI Ports, 2 USB Ports",Screen Mirroring / Miracast Support
Sony Bravia KD-43W880K 43 inch Full HD Smart LED TV,"₹40,490",59,"43 in, LED TV","Full HD, 1920 x 1080 pixels","Wifi, Ethernet",Smart TV,"2 Speakers, 20 w Output",16 GB Storage,178 ° Viewing Angle,"3 HDMI Ports, 2 USB Ports"
OnePlus Y1S 32 inch HD Ready Smart LED TV,"₹15,999",52,"32 in, LED TV",1366 x 768 pixels,"Wifi, Ethernet",Smart TV,"2 Speakers, 20 w Output","1 GB RAM, 8 GB Storage",178 ° Viewing Angle,"2 HDMI Ports, 2 USB Ports"
Croma CRELE3101sBT24 24 Inch HD Ready LED TV,"₹4,444",32,"23.98 in, LED TV",1366 x 786 pixels,Smart TV: No,"2 Speakers, 16 w Output",178 ° Viewing Angle,"2 HDMI Ports, 2 USB Ports",3D TV: No,"60 Hz, 16:09 Ratio"
LG 43UM7790PTA 43-inch Ultra HD 4K Smart LED TV,"₹41,000",67,"43 in, LED TV","4K Resolution, 3840 x 2160 pixels","Wifi, Ethernet",Smart TV,"2 Speakers, 35 w Output",178 ° Viewing Angle,"3 HDMI Ports, 2 USB Ports",3D TV: No
Samsung UA32T4340AKXXL 32-inch HD Ready Smart LED TV,"₹13,490",44,"32 in, LED TV",1366 x 768 pixels,Wifi,Smart TV,"2 Speakers, 20 w Output",178 ° Viewing Angle,"2 HDMI Ports, 1 USB Ports",3D TV: No
SENS Dwinci 65 inch Ultra HD 4K Smart QLED TV (SENS65WGSQLED),"₹42,999",72,"65 in, QLED TV","4K Resolution, 3840 x 2160 pixels","Wifi, Ethernet",Smart TV,"Quad Core Processor, 2 GB RAM, 16 GB Storage",178 ° Viewing Angle,"2 HDMI Ports, 2 USB Ports",Supports Apps & Games
Samsung S95B 65 inch Ultra HD 4K Smart OLED TV (QN65S95BAFXZA),"₹1,64,490",84,"65 in, OLED TV","4K Resolution, 3840 x 2160 pixels","Wifi, Ethernet",Smart TV,"2 Speakers, 60 w Output",Neural Quantum Processor 4K Processor,178 ° Viewing Angle,"4 HDMI Ports, 2 USB Ports"
Panasonic TH-32LS680DX 32 Inch Full HD Smart LED TV,"₹18,050",55,"32 in, LED TV","Full HD, 1920 x 1080 pixels","Wifi, Ethernet",Smart TV,"2 Speakers, 20 w Output","1.5 GB RAM, 8 GB Storage",178 ° Viewing Angle,"2 HDMI Ports, 2 USB Ports"
LG 32LQ6360PSA 32 inch Full HD Smart LED TV,"₹22,990",51,"32 in, LED TV","Full HD, 1920 x 1080 pixels","Wifi, Ethernet",Smart TV,"2 Speakers, 20 w Output",Quad Core Processor,178 ° Viewing Angle,"2 HDMI Ports, 1 USB Ports"
Sony Bravia X80K 43 inch Ultra HD 4K Smart LED TV (KD-43X80K),"₹64,590",69,"43 in, LED TV","4K Resolution, 3840 x 2160 pixels","Wifi, Ethernet",Smart TV,"2 Speakers, 20 w Output","4K HDR Processor X1 Processor, 16 GB Storage",178 ° Viewing Angle,"4 HDMI Ports, 2 USB Ports"
Sony Bravia KD-50X75K 50 inch 4K Ultra HD Smart LED TV,"₹57,940",69,"50 in, LED TV","4K Resolution, 3840 x 2160 pixels",Wifi,Smart TV,"2 Speakers, 20 w Output",16 GB Storage,178 ° Viewing Angle,"3 HDMI Ports, 2 USB Ports"
Samsung UA55BU8570ULXL 55 inch 4K Ultra HD Smart LED TV,"₹61,950",69,"55 in, LED TV","4K Resolution, 3840 x 2160 pixels","Wifi, Ethernet","2 Speakers, 20 w Output",178 ° Viewing Angle,"3 HDMI Ports, 2 USB Ports",Screen Mirroring / Miracast Support,"50 Hz, 16:9 Ratio"
TCL P635 65 inch Ultra HD 4K Smart LED TV (65P635),"₹49,990",74,"65 in, LED TV","4K Resolution, 3840 x 2160 pixels","Wifi, Ethernet",Smart TV,"2 Speakers, 24 w Output","2 GB RAM, 16 GB Storage",178 ° Viewing Angle,"3 HDMI Ports, 1 USB Ports"
Samsung UA32T4390AKXXL 32 Inch HD Ready Smart LED TV,"₹17,899",38,"32 in, LED TV",1366 x 768 pixels,Wifi,Smart TV,"2 Speakers, 20 w Output","2 HDMI Ports, 1 USB Ports",Supports Apps & Games,Screen Mirroring / Miracast Support
Vu GloLED 50 inch Ultra HD 4K Smart LED TV (50GloLED),"₹31,999",72,"50 in, LED TV","4K Resolution, 3840 x 2160 pixels","Wifi, Ethernet",Smart TV,"5 Speakers, 104 w Output","A.I. GLO  Processor, 2 GB RAM, 16 GB Storage",178 ° Viewing Angle,"1 HDMI Ports, 2 USB Ports"
Acer AR55AR2851UDFL I Series 55-inch Ultra HD 4K Smart LED TV,"₹32,999",75,"55 in, LED TV","4K Resolution, 3840 x 2160 pixels","Wifi, Ethernet",Smart TV,"2 Speakers, 30 w Output","64bit Quad Core Processor Processor, 2 GB RAM, 16 GB Storage",178 ° Viewing Angle,"3 HDMI Ports, 3 USB Ports"
Panasonic TH-43LS680DX 43 Inch Full HD Smart LED TV,"₹32,490",52,"43 in, LED TV","Full HD, 1920 x 1080 pixels","Wifi, Ethernet",Smart TV,"2 Speakers, 20 w Output",178 ° Viewing Angle,"2 HDMI Ports, 2 USB Ports",Screen Mirroring / Miracast Support
OnePlus Y1S Pro 50 inch Ultra HD 4K Smart LED TV,"₹32,999",72,"50 in, LED TV","4K Resolution, 3840 x 2160 pixels","Wifi, Ethernet",Smart TV,"2 Speakers, 24 w Output","2 GB RAM, 8 GB Storage",178 ° Viewing Angle,"3 HDMI Ports, 2 USB Ports"
Thomson Alpha 32ALPHA007BL 32 inch HD Ready Smart LED TV,"₹7,999",48,"32 in, LED TV",1366 x 768 pixels,"Wifi, Ethernet",Smart TV,"2 Speakers, 30 w Output","Quad Core Processor-A35 x 4 Processor, 512 MB RAM, 4 GB Storage",178 ° Viewing Angle,"3 HDMI Ports, 2 USB Ports"
Haier LE50K7700HQGA 50 Inch Ultra HD 4K Smart LED TV,"₹37,750",69,"50 in, LED TV","4K Resolution, 3840 x 2160 pixels","Wifi, Ethernet",Smart TV,20 w Output,178 ° Viewing Angle,"4 HDMI Ports, 2 USB Ports",Screen Mirroring / Miracast Support
BPL 55U-A4310 55-inch Ultra HD 4K Smart LED TV,"₹36,490",67,"55 in, LED TV","4K Resolution, 3840 x 2160 pixels",Wifi,Smart TV,"2 Speakers, 8 w Output",178 ° Viewing Angle,"3 HDMI Ports, 1 USB Ports",3D TV: No
LG 55NANO83TPZ 55-inch Ultra HD 4K LED Smart TV,"₹69,999",75,"55 in, LED TV","4K Resolution, 3840 x 2160 pixels","Wifi, Ethernet",Smart TV,"2 Speakers, 20 w Output",178 ° Viewing Angle,"4 HDMI Ports, 2 USB Ports",3D TV: No
Vu 43UT 43-inch Ultra HD 4K Smart LED TV,"₹20,999",66,"43 in, LED TV","4K Resolution, 3840 x 2160 pixels",Wifi,Smart TV,"2 Speakers, 24 w Output","Quad Core Processor, 2 GB RAM",178 ° Viewing Angle,"3 HDMI Ports, 2 USB Ports"
Lloyd 43UX900D 43 inch Ultra HD 4K Smart QLED TV,"₹33,990",72,"43 in, QLED TV","4K Resolution, 3840 x 2160 pixels","Wifi, Ethernet",Smart TV,"2 Speakers, 24 w Output","64-bit Cortex-A55  Processor, 2 GB RAM, 16 GB Storage",178 ° Viewing Angle,"3 HDMI Ports, 2 USB Ports"
TCL P635 43 inch Ultra HD 4K Smart LED TV (43P635),"₹27,990",70,"43 in, LED TV","4K Resolution, 3840 x 2160 pixels","Wifi, Ethernet",Smart TV,"2 Speakers, 24 w Output","AIPQ 2.0 Processor, 2 GB RAM, 16 GB Storage",178 ° Viewing Angle,"3 HDMI Ports, 1 USB Ports"
LG UQ75 55UQ7550PSF 55 inch Ultra HD 4K LED Smart TV,"₹50,180",64,"55 in, LED TV","4K Resolution, 3840 x 2160 pixels","Wifi, Ethernet",Smart TV,"2 Speakers, 20 w Output",178 ° Viewing Angle,"1 HDMI Ports, 1 USB Ports",Screen Mirroring / Miracast Support
TCL 32S5205 32 Inch HD Ready Smart LED TV,"₹10,990",48,"32 in, LED TV",1366 x 768 pixels,"Wifi, Ethernet",Smart TV,"2 Speakers, 16 w Output",178 ° Viewing Angle,"2 HDMI Ports, 2 USB Ports",Screen Mirroring / Miracast Support
Panasonic TH-43LX710DX 43-Inch Ultra HD 4K Smart LED TV,"₹38,990",71,"43 in, LED TV","4K Resolution, 3840 x 2160 pixels","Wifi, Ethernet",Smart TV,"2 Speakers, 20 w Output","2 GB RAM, 16 GB Storage",178 ° Viewing Angle,"3 HDMI Ports, 2 USB Ports"
Haier LE55K7700HQGA 55 Inch Ultra HD 4K Smart LED TV,"₹43,000",71,"55 in, LED TV","4K Resolution, 3840 x 2160 pixels","Wifi, Ethernet",Smart TV,20 w Output,178 ° Viewing Angle,"4 HDMI Ports, 2 USB Ports",Screen Mirroring / Miracast Support
Samsung AUE60 43-inch Ultra HD 4K Smart LED TV (UA43AUE60AKLXL),"₹29,999",65,"43 in, LED TV","4K Resolution, 3840 x 2160 pixels","Wifi, Ethernet",Smart TV,"2 Speakers, 20 w Output",Crystal Processor 4K Processor,178 ° Viewing Angle,"3 HDMI Ports, 1 USB Ports"
Sansui JSW50ASUHD 50 inch Ultra HD 4K Smart LED TV,"₹26,999",71,"50 in, LED TV","4K Resolution, 3840 x 2160 pixels","Wifi, Ethernet",Smart TV,"2 Speakers, 20 w Output","CA53 Processor, 2 GB RAM, 8 GB Storage",178 ° Viewing Angle,"3 HDMI Ports, 2 USB Ports"
Thomson 9A Series 32PATH0011BL 32-inch HD Ready Smart LED TV,"₹8,999",51,"32 in, LED TV",1366 x 768 pixels,"Wifi, Ethernet",Smart TV,"2 Speakers, 24 w Output","ARM Cortex A53 Processor, 1 GB RAM, 8 GB Storage",178 ° Viewing Angle,"3 HDMI Ports, 2 USB Ports"
Samsung 32T4310 32-inch HD Ready Smart LED TV,"₹15,990",38,32 in,1366 x 768 pixels,Wifi,Smart TV,"2 Speakers, 20 w Output",178 ° Viewing Angle,"2 HDMI Ports, 1 USB Ports",3D TV: No
TCL 32S5400 32 inch Full HD Smart LED TV,"₹15,990",54,"32 in, LED TV","Full HD, 1920 x 1080 pixels","Wifi, Ethernet",Smart TV,"2 Speakers, 24 w Output",1.5 GB RAM,178 ° Viewing Angle,"2 HDMI Ports, 1 USB Ports"
Sansui JSW65GSQLED 65 inch Ultra HD 4K Smart QLED TV,"₹54,999",76,"65 in, QLED TV","4K Resolution, 3840 x 2160 pixels","Wifi, Ethernet",Smart TV,"2 Speakers, 20 w Output","CA53 Processor, 2 GB RAM, 16 GB Storage",178 ° Viewing Angle,"3 HDMI Ports, 2 USB Ports"
LG QNED81 55 inch Ultra HD 4K Smart QNED TV (55QNED81SQA),"₹82,490",51,"55 in, QNED TV","4K Resolution, 3840 x 2160 pixels","Wifi, Ethernet",Smart TV,"2 Speakers, 10 w Output",α7 Gen5 AI Processor 4K Processor,178 ° Viewing Angle,3D TV: No
Hisense 50A7H 50 inch Ultra HD 4K Smart LED TV,"₹31,990",73,"50 in, LED TV","4K Resolution, 3840 x 2160 pixels","Wifi, Ethernet",Smart TV,"6 Speakers, 102 w Output","2 GB RAM, 16 GB Storage",178 ° Viewing Angle,"3 HDMI Ports, 2 USB Ports"
Xiaomi X Series 50 inch 4K Ultra HD Smart LED TV,"₹33,499",72,"50 in, LED TV","4K Resolution, 3840 x 2160 pixels","Wifi, Ethernet",Smart TV,"2 Speakers, 30 w Output","Quad Core A55 CPU
 Processor, 2 GB RAM, 8 GB Storage",178 ° Viewing Angle,"3 HDMI Ports, 2 USB Ports"
Sony Bravia X80K 50 inch Ultra HD 4K Smart LED TV (KD-50X80K),"₹66,015",73,"50 in, LED TV","4K Resolution, 3840 x 2160 pixels","Wifi, Ethernet",Smart TV,"2 Speakers, 20 w Output","4K HDR Processor X1 Processor, 16 GB Storage",178 ° Viewing Angle,"4 HDMI Ports, 2 USB Ports"
Sony KD-55X74K 55 inch Ultra HD 4K Smart LED TV,"₹57,990",67,"55 in, LED TV","4K Resolution, 3840 x 2160 pixels","Wifi, Ethernet",Smart TV,"2 Speakers, 20 w Output",4K Processor X1 Processor,178 ° Viewing Angle,"3 HDMI Ports, 2 USB Ports"
Haier LE32K7200GA 32 Inch HD Ready Smart LED TV,"₹14,490",48,"32 in, LED TV",1366 x 768 pixels,"Wifi, Ethernet",Smart TV,"2 Speakers, 20 w Output",178 ° Viewing Angle,"3 HDMI Ports, 2 USB Ports",3D TV: No
Xiaomi Smart TV 5A 43 inch Full HD Smart LED TV,"₹24,999",54,"43 in, LED TV","Full HD, 1920 x 1080 pixels","Wifi, Ethernet",Smart TV,"2 Speakers, 24 w Output","Cortex A35 64-bit Quad Core Processor, 1.5 GB RAM, 8 GB Storage",178 ° Viewing Angle,"2 HDMI Ports, 2 USB Ports"
Samsung UA50BU8000KLXL 50 inch Ultra HD 4K Smart LED TV,"₹51,500",73,"50 in, LED TV","4K Resolution, 3840 x 2160 pixels","Wifi, Ethernet",Smart TV,"2 Speakers, 20 w Output",178 ° Viewing Angle,"3 HDMI Ports, 2 USB Ports",Screen Mirroring / Miracast Support
Samsung 32T4600 32-inch HD Ready Smart LED TV,"₹20,990",46,"32 in, LED TV",1366 x 768 pixels,Wifi,Smart TV,"2 Speakers, 20 w Output",178 ° Viewing Angle,"2 HDMI Ports, 1 USB Ports",3D TV: No
Samsung 32T4900 32-inch HD Ready Smart LED TV,"₹21,990",48,"32 in, LED TV",1366 x 768 pixels,Wifi,Smart TV,"4 Speakers, 40 w Output",178 ° Viewing Angle,"2 HDMI Ports, 1 USB Ports",3D TV: No
Samsung 32T4450 32-inch HD Ready Smart LED TV,"₹19,490",46,"32 in, LED TV",1366 x 768 pixels,Wifi,Smart TV,"2 Speakers, 20 w Output",178 ° Viewing Angle,"2 HDMI Ports, 1 USB Ports",3D TV: No
TCL 55C725 55-inch Ultra HD 4K Smart QLED TV,"₹40,990",76,"55 in, QLED TV","4K Resolution, 3840 x 2160 pixels","Wifi, Ethernet",Smart TV,"2 Speakers, 24 w Output","Quad Core Processor, 2 GB RAM, 16 GB Storage",178 ° Viewing Angle,"3 HDMI Ports, 2 USB Ports"
Sansui JSW32ASHD 32 inch HD Ready Smart LED TV,"₹11,990",52,"32 in, LED TV",1366 x 768 pixels,"Wifi, Ethernet",Smart TV,"2 Speakers, 20 w Output","CA53 Processor, 1 GB RAM, 8 GB Storage",178 ° Viewing Angle,"2 HDMI Ports, 2 USB Ports"
Xiaomi Mi TV 5 55-inch Ultra HD 4K Smart QLED TV,"₹30,990",68,"55 in, QLED TV","4K Resolution, 3840 x 2160 pixels","Wifi, Ethernet",Smart TV,4 Speakers,"Amlogic T972  Processor, 3 GB RAM, 32 GB Storage",178 ° Viewing Angle,"3 HDMI Ports, 2 USB Ports"
Lloyd 55QX900D 55 inch Ultra HD 4K Smart QLED TV,"₹52,990",82,"55 in, QLED TV",3840 x 21600 pixels,"Wifi, Ethernet",Smart TV,"2 Speakers, 24 w Output","64-bit Cortex-A55
 Processor, 2 GB RAM, 16 GB Storage",178 ° Viewing Angle,"3 HDMI Ports, 2 USB Ports"
Sony Bravia A80K 55 inch Ultra HD 4K Smart OLED TV (XR-55A80K),"₹1,59,990",80,"55 in, QLED TV","4K Resolution, 3840 x 2160 pixels","Wifi, Ethernet",Smart TV,"Actuator x 3, Subwoofer x 2 Speakers, 30 w Output",16 GB Storage,178 ° Viewing Angle,"4 HDMI Ports, 2 USB Ports"
Xiaomi X Series 43 inch 4K Ultra HD Smart LED TV,"₹27,999",70,"43 in, LED TV","4K Resolution, 3840 x 2160 pixels","Wifi, Ethernet",Smart TV,"2 Speakers, 30 w Output","Quad Core A55 CPU
 Processor, 2 GB RAM, 8 GB Storage",178 ° Viewing Angle,"3 HDMI Ports, 2 USB Ports"
Xiaomi Smart TV 5A Pro 32 inch HD Ready Smart LED TV,"₹16,999",53,"32 in, LED TV",1366 x 768 pixels,"Wifi, Ethernet",Smart TV,"2 Speakers, 24 w Output","Cortex A55 64-bit Quad Core Processor, 1.5 GB RAM, 8 GB Storage",178 ° Viewing Angle,"2 HDMI Ports, 2 USB Ports"
LG UQ80 65UQ8050PSB 65 inch Ultra HD 4K LED Smart TV,"₹84,990",74,"65 in, LED TV","4K Resolution, 3840 x 2160 pixels","Wifi, Ethernet",Smart TV,"2 Speakers, 20 w Output","1.5 GB RAM, 8 GB Storage",178 ° Viewing Angle,"3 HDMI Ports, 2 USB Ports"
LG UQ80 75 inch Ultra HD 4K LED Smart TV (75UQ8050PSB),"₹1,89,990",79,"75 in, LED TV","4K Resolution, 3840 x 2160 pixels","Wifi, Ethernet",Smart TV,"2 Speakers, 20 w Output",178 ° Viewing Angle,"3 HDMI Ports, 2 USB Ports",Screen Mirroring / Miracast Support
Infinix 32Y1 32 inch HD Ready Smart LED TV,"₹8,999",47,"32 in, LED TV",1366 x 768 pixels,"Wifi, Ethernet",Smart TV,"2 Speakers, 20 w Output","Quad Core Processor Processor, 4 GB Storage",178 ° Viewing Angle,"3 HDMI Ports, 2 USB Ports"
LG 43UQ7500PSF 43-inch Ultra HD 4K Smart LED TV,"₹30,990",63,"43 in, LED TV","4K Resolution, 3840 x 2160 pixels",Wifi,Smart TV,"2 Speakers, 20 w Output","Gen5 AI Processor 4K Processor, 1.5 GB RAM, 8 GB Storage",178 ° Viewing Angle,"3 HDMI Ports, 1 USB Ports"
Sony Bravia KD-65X75K 65 Inch Ultra HD 4K Smart LED Google TV,"₹85,490",72,"65 in, LED TV","4K Resolution, 3840 x 2160 pixels","Wifi, Ethernet",Smart TV,"2 Speakers, 20 w Output","‎X1 4K Processor
 Processor",178 ° Viewing Angle,"3 HDMI Ports, 2 USB Ports"
LG 32LQ636BPSA 32 Inch HD Ready Smart LED TV,"₹19,490",49,"32 in, LED TV",1366 x 768 pixels,"Wifi, Ethernet",Smart TV,"2 Speakers, 20 w Output",178 ° Viewing Angle,"2 HDMI Ports, 1 USB Ports",Supports Apps & Games
Realme Smart TV X 40 inch Full HD Smart LED TV,"₹19,999",57,"40 in, LED TV","Full HD, 1920 x 1080 pixels","Wifi, Ethernet",Smart TV,"4 Speakers, 24 w Output","MediaTek Quad Core 6883 Processor, 1 GB RAM, 8 GB Storage",178 ° Viewing Angle,"3 HDMI Ports, 2 USB Ports"
BPL 32H-A4301 32 inch HD Ready Smart LED TV,"₹11,585",43,"32 in, LED TV",1366 x 768 pixels,Wifi,Smart TV,"2 Speakers, 6 w Output",178 ° Viewing Angle,"3 HDMI Ports, 2 USB Ports",60 Hz
Realme TV 50-inch Ultra HD 4K Smart LED TV,"₹28,999",73,"50 in, LED TV","4K Resolution, 3840 x 2160 pixels","Wifi, Ethernet",Smart TV,"4 Speakers, 24 w Output","A53  Processor, 2 GB RAM, 16 GB Storage",178 ° Viewing Angle,"3 HDMI Ports, 2 USB Ports"
Samsung S95C 77 inch Ultra HD 4K Smart OLED TV,"₹3,59,999",85,"77 in, OLED TV","4K Resolution, 3840 x 2160 pixels","Wifi, Ethernet",Smart TV,8 Speakers,Ultra Slim,"3 HDMI Ports, 3 USB Ports",Screen Mirroring / Miracast Support
Xiaomi Redmi X86 86 inch Ultra HD 4K Smart LED TV,"₹54,990",76,"86 in, LED TV","4K Resolution, 3840 x 2160 pixels","Wifi, Ethernet",Smart TV,"2 Speakers, 20 w Output","A55 processor Processor, 2 GB RAM, 16 GB Storage",178 ° Viewing Angle,"3 HDMI Ports, 2 USB Ports"
Samsung T5450 43 inch Full HD Smart LED TV (UA43T5450AKXXL),"₹29,200",48,"43 in, LED TV","Full HD, 1920 x 1080 pixels","Wifi, Ethernet",Smart TV,"2 Speakers, 20 w Output",178 ° Viewing Angle,"2 HDMI Ports, 1 USB Ports",Screen Mirroring / Miracast Support
LG G2 OLED65G2PSA 65 inch Ultra HD 4K OLED Smart TV,"₹2,54,990",84,"65 in, OLED TV","4K Resolution, 3840 x 2160 pixels","Wifi, Ethernet",Smart TV,"2 Speakers, 60 w Output","4 HDMI Ports, 3 USB Ports",Screen Mirroring / Miracast Support,120 Hz
Acer AR55AR2851UDPRO 55 inch Ultra HD 4K Smart LED TV,"₹35,999",76,"55 in, LED TV","4K Resolution, 3840 x 2160 pixels","Wifi, Ethernet",Smart TV,"2 Speakers, 60 w Output","2 GB RAM, 16 GB Storage",178 ° Viewing Angle,"3 HDMI Ports, 2 USB Ports"
Vu GloLED 65 inch Ultra HD 4K Smart LED TV (65GloLED),"₹50,999",78,"65 in, LED TV","4K Resolution, 3840 x 2160 pixels","Wifi, Ethernet",Smart TV,"5 Speakers, 104 w Output","Glo AI Processor Processor, 2 GB RAM, 16 GB Storage",178 ° Viewing Angle,"3 HDMI Ports, 2 USB Ports"
LG C2 42 inch Ultra HD 4K OLED Smart TV (OLED42C2PSA),"₹85,790",77,"42 in, LED TV","4K Resolution, 3840 x 2160 pixels","Wifi, Ethernet",Smart TV,"2 Speakers, 20 w Output",178 ° Viewing Angle,"4 HDMI Ports, 3 USB Ports",Screen Mirroring / Miracast Support
LG UQ80 50UQ8050PSB 50 inch Ultra HD 4K LED Smart TV,"₹49,990",71,"50 in, LED TV","4K Resolution, 3840 x 2160 pixels","Wifi, Ethernet",Smart TV,"2 Speakers, 20 w Output",178 ° Viewing Angle,"3 HDMI Ports, 2 USB Ports",Supports Apps & Games
Toshiba 55M550LP 55 inch Ultra HD 4K Smart LED TV,"₹42,990",72,"55 in, QLED TV","4K Resolution, 3840 x 2160 pixels","Wifi, Ethernet",Smart TV,"3 Speakers, 49 w Output","MT9612IAATNC / 4 Processor, 2 GB RAM, 16 GB Storage",178 ° Viewing Angle,"3 HDMI Ports, 2 USB Ports"
LG 55UQ9000PSD 55 Inch Ultra HD 4K Smart LED TV,"₹55,950",66,"55 in, LED TV","4K Resolution, 3840 x 2160 pixels","Wifi, Ethernet",Smart TV,"2 Speakers, 20 w Output",178 ° Viewing Angle,"2 HDMI Ports, 2 USB Ports",Screen Mirroring / Miracast Support
Toshiba 43C350LP 43 inch Ultra HD 4K Smart LED TV,"₹24,990",61,"43 in, LED TV","4K Resolution, 3840 x 2160 pixels","Wifi, Ethernet",Smart TV,"2 Speakers, 24 w Output",REGZA Engine 4K Processor,178 ° Viewing Angle,"3 HDMI Ports, 2 USB Ports"
Acer AR50AR2851UDFL I Series 50-inch Ultra HD 4K Smart LED TV,"₹27,999",74,"50 in, LED TV","4K Resolution, 3840 x 2160 pixels","Wifi, Ethernet",Smart TV,"2 Speakers, 30 w Output","64bit Quad Core Processor Processor, 2 GB RAM, 16 GB Storage",178 ° Viewing Angle,"3 HDMI Ports, 3 USB Ports"
Vu The Masterpiece Glo Series 55QMP 55 inch Ultra HD 4K Smart QLED TV,"₹59,990",78,"55 in, LED TV","4K Resolution, 3840 x 2160 pixels","Wifi, Ethernet",Smart TV,"4.1 Speakers, 100 w Output","3 GB RAM, 16 GB Storage",178 ° Viewing Angle,"4 HDMI Ports, 2 USB Ports"
Xiaomi Redmi L32M6-RA 32-inch HD Ready Smart LED TV,"₹13,999",50,"32 in, LED TV",1366 x 768 pixels,"Wifi, Ethernet",Smart TV,"2 Speakers, 20 w Output","Quad core A35 CPU Processor, 1 GB RAM, 8 GB Storage",178 ° Viewing Angle,"2 HDMI Ports, 2 USB Ports"
LG 43UP7550PTZ 43-inch Ultra HD 4K Smart LED TV,"₹39,422",66,"43 in, LED TV","4K Resolution, 3840 x 2160 pixels","Wifi, Ethernet",Smart TV,"2 Speakers, 20 w Output","Quad Core Processor, 8 GB Storage",178 ° Viewing Angle,"2 HDMI Ports, 1 USB Ports"
OnePlus 32Y1 32-inch HD Ready Smart LED TV,"₹14,999",46,"32 in, LED TV",1366 x 768 pixels,"Wifi, Ethernet",Smart TV,"2 Speakers, 20 w Output",178 ° Viewing Angle,"2 HDMI Ports, 2 USB Ports",3D TV: No
Vu Premium 43PM 43-inch Ultra HD 4K Smart LED TV,"₹24,999",69,"43 in, LED TV","4K Resolution, 3840 x 2160 pixels","Wifi, Ethernet",Smart TV,"2 Speakers, 24 w Output","Quad Core Processor, 2 GB RAM, 16 GB Storage",178 ° Viewing Angle,"3 HDMI Ports, 2 USB Ports"
LG 32LM560BPTC 32-inch HD Ready LED Smart TV,"₹18,500",52,"32 in, LED TV",1366 x 768 pixels,"Wifi, Ethernet",Smart TV,"2 Speakers, 20 w Output","Quad Core Processor, 1 GB RAM, 4 GB Storage",178 ° Viewing Angle,"2 HDMI Ports, 1 USB Ports"
BeethoSOL ATVBG24HDEK 24 inch HD Ready TV,"₹4,999",34,"24 in, LED TV",1366 x 768 pixels,"2 Speakers, 20 w Output",178 ° Viewing Angle,"2 HDMI Ports, 2 USB Ports","60 Hz, 16:9 Ratio",,
Xiaomi Redmi X Pro 75 inch Ultra HD 4K Gaming TV,"₹49,990",75,"75 in, LED TV","4K Resolution, 3840 x 2160 pixels","Wifi, Ethernet",Smart TV,2 Speakers,"A73 chip
 Processor, 3 GB RAM, 32 GB Storage",178 ° Viewing Angle,"2 HDMI Ports, 2 USB Ports"
LG G2 55 inch Ultra HD 4K OLED Smart TV (OLED55G2PSA),"₹1,29,990",80,"55 in, OLED TV","4K Resolution, 3840 x 2160 pixels","Wifi, Ethernet",Smart TV,"4 Speakers, 60 w Output",AMD FreeSync Processor,"Ultra Slim, 178 ° Viewing Angle",3 USB Ports
LG 32LQ570BPSA 32-inch HD Ready Smart LED TV,"₹15,890",49,"32 in, LED TV",1366 x 768 pixels,"Wifi, Ethernet",Smart TV,"2 Speakers, 20 w Output","1 GB RAM, 8 GB Storage",178 ° Viewing Angle,"2 HDMI Ports, 1 USB Ports"
Samsung Crystal 4K Neo 55 inch Ultra HD 4K Smart LED TV (UA55AUE65AKXXL),"₹47,990",69,"55 in, LED TV","4K Resolution, 3840 x 2160 pixels","Wifi, Ethernet",Smart TV,"2 Speakers, 20 w Output","Crystal Processor 4K Processor, 8 GB Storage",178 ° Viewing Angle,"3 HDMI Ports, 1 USB Ports"
Samsung QA55Q60BAKLXL 55 inch Ultra HD 4K Smart QLED TV,"₹74,200",75,"55 in, QLED TV","4K Resolution, 3840 x 2160 pixels","Wifi, Ethernet",Smart TV,"2 Speakers, 20 w Output",178 ° Viewing Angle,"3 HDMI Ports, 2 USB Ports",3D TV: No
Haier LE43K7GA 43 Inch Full HD Smart LED TV,"₹28,050",54,"43 in, LED TV","Full HD, 1920 x 1080 pixels",Wifi,Smart TV,"2 Speakers, 20 w Output",178 ° Viewing Angle,"3 HDMI Ports, 2 USB Ports",Screen Mirroring / Miracast Support
Haier LE32K7700GA 32 Inch HD Ready Smart LED TV,"₹19,990",49,"32 in, LED TV",1366 x 768 pixels,"Wifi, Ethernet",Smart TV,"2 Speakers, 20 w Output",178 ° Viewing Angle,"3 HDMI Ports, 2 USB Ports",3D TV: No
OnePlus Y1S Edge 32 inch HD Ready Smart LED TV,"₹16,499",53,"32 in, LED TV",1366 x 768 pixels,"Wifi, Ethernet",Smart TV,"2 Speakers, 24 w Output","1 GB RAM, 8 GB Storage",178 ° Viewing Angle,"2 HDMI Ports, 2 USB Ports"
TCL 32S5200 32-inch HD Ready Smart LED TV,"₹11,990",50,"32 in, LED TV",1366 x 768 pixels,Wifi,Smart TV,"2 Speakers, 10 w Output","Quad Core Processor, 1 GB RAM, 8 GB Storage",178 ° Viewing Angle,"3 HDMI Ports, 1 USB Ports"
Xiaomi Mi TV 5X 50-inch Ultra HD 4K Smart LED TV,"₹40,999",74,"50 in, LED TV","4K Resolution, 3840 x 2160 pixels","Wifi, Ethernet",Smart TV,"2 Speakers, 40 w Output","Quad Core Cortex A55 Processor, 2 GB RAM, 16 GB Storage",178 ° Viewing Angle,"3 HDMI Ports, 2 USB Ports"
Xiaomi Mi TV 5X 55-inch Ultra HD 4K Smart LED TV,"₹46,999",75,"55 in, LED TV","4K Resolution, 3840 x 2160 pixels","Wifi, Ethernet",Smart TV,"2 Speakers, 40 w Output","Quad Core Cortex A55 Processor, 2 GB RAM, 16 GB Storage",178 ° Viewing Angle,"3 HDMI Ports, 2 USB Ports"
Realme TV 43-inch Ultra HD 4K Smart LED TV,"₹27,999",71,"43 in, LED TV","4K Resolution, 3840 x 2160 pixels","Wifi, Ethernet",Smart TV,"4 Speakers, 24 w Output","A53  Processor, 2 GB RAM, 16 GB Storage",178 ° Viewing Angle,"3 HDMI Ports, 2 USB Ports"
Foxsky 43FS 43-inch Full HD Smart LED TV,"₹14,999",55,"43 in, LED TV","Full HD, 1920 x 1080 pixels","Wifi, Ethernet",Smart TV,"2 Speakers, 30 w Output","Dual Core Processor, 1 GB RAM, 8 GB Storage",178 ° Viewing Angle,"2 HDMI Ports, 2 USB Ports"
Sansui JSW43ASUHD 43 inch Ultra HD 4K Smart LED TV,"₹24,999",68,"43 in, LED TV","4K Resolution, 3840 x 2160 pixels","Wifi, Ethernet",Smart TV,"2 Speakers, 20 w Output","CA53 Processor, 2 GB RAM, 8 GB Storage",178 ° Viewing Angle,"3 HDMI Ports, 2 USB Ports"
Vu 55UT 55-inch Ultra HD 4K Smart LED TV,"₹29,990",68,"55 in, LED TV","4K Resolution, 3840 x 2160 pixels",Wifi,Smart TV,30 w Output,"Quad Core Processor, 2 GB RAM",178 ° Viewing Angle,"3 HDMI Ports, 2 USB Ports"
Xiaomi Mi TV 4X 43-inch Ultra HD 4K Smart LED TV,"₹24,999",69,"43 in, LED TV","4K Resolution, 3840 x 2160 pixels","Wifi, Ethernet",Smart TV,"2 Speakers, 20 w Output","Cortex A-53 Processor, 2 GB RAM, 8 GB Storage",178 ° Viewing Angle,"3 HDMI Ports, 2 USB Ports"
OnePlus Q1 55-inch Ultra HD 4K Smart QLED TV,"₹62,899",79,"55 in, QLED TV","4K Resolution, 3840 x 2160 pixels","Wifi, Ethernet",Smart TV,"8 Speakers, 50 w Output","ARM Cortex-A53 Processor, 3 GB RAM, 8 GB Storage",178 ° Viewing Angle,"4 HDMI Ports, 3 USB Ports"
Haier LE43K7700UGA 43 inch Ultra HD 4K Smart LED TV,"₹32,990",68,"43 in, LED TV","4K Resolution, 3840 x 2160 pixels",Ethernet,Smart TV,"2 Speakers, 20 w Output","1.5 GB RAM, 8 GB Storage",176 ° Viewing Angle,"4 HDMI Ports, 2 USB Ports"
Samsung T4360 32 inch HD Ready Smart LED TV,"₹16,490",40,"32 in, LED TV",1366 x 728 pixels,Wifi,Smart TV,"2 Speakers, 20 w Output","2 HDMI Ports, 1 USB Ports",60 Hz,
Onida 32HIF3 32 inch HD Ready Smart LED TV,"₹12,990",52,"32 in, LED TV",1366 x 768 pixels,"Wifi, Ethernet",Smart TV,"2 Speakers, 20 w Output","2.0 GHz Quad core processor Processor, 1.5 GB RAM, 8 GB Storage",178 ° Viewing Angle,"3 HDMI Ports, 1 USB Ports"
HiSense U7H 65 inch Ultra HD 4K Smart QLED TV (65U7H),"₹64,990",77,"65 in, QLED TV","4K Resolution, 3840 x 2160 pixels","Wifi, Ethernet",Smart TV,"2 Speakers, 20 w Output","3 GB RAM, 8 GB Storage",178 ° Viewing Angle,"2 HDMI Ports, 2 USB Ports"
Sony Bravia X85K 55 inch Ultra HD 4K Smart LED TV (KD-55X85K),"₹85,490",51,"55 in, LED TV","4K Resolution, 3840 x 2160 pixels",Ethernet,"2 Speakers, 10 w Output","4K HDR Processor X1 Processor, 16 GB Storage",178 ° Viewing Angle,3D TV: No,"40 Hz, 1.778:1, 16:9 Ratio"
iFFALCON U62 50 inch Ultra HD 4K Smart LED TV (iFF50U62),"₹28,999",71,"50 in, LED TV","4K Resolution, 3840 x 2160 pixels","Wifi, Ethernet",Smart TV,"2 Speakers, 24 w Output","Quad Core Processor, 2 GB RAM, 16 GB Storage",178 ° Viewing Angle,"3 HDMI Ports, 1 USB Ports"
Acer AR32AR2841HDSB  S Series 32 inch HD Ready Smart LED TV,"₹12,499",49,"32 in, LED TV",1366 x 768 pixels,"Wifi, Ethernet",Smart TV,"2 Speakers, 40 w Output","1.5 GB RAM, 8 GB Storage",178 ° Viewing Angle,"2 HDMI Ports, 2 USB Ports"
LG C2 65-inch Ultra HD 4K OLED Smart TV (OLED65C2PSC),"₹1,89,999",76,"65 in, OLED TV","4K Resolution, 3840 x 2160 pixels",Wifi,Smart TV,40 w Output,"4 HDMI Ports, 3 USB Ports",120 Hz,
Lloyd 43US850D 43 inch Ultra HD 4K Smart LED TV,"₹33,990",64,"43 in, LED TV","4K Resolution, 3840 x 2160 pixels","Wifi, Ethernet",Smart TV,"2 Speakers, 20 w Output",178 ° Viewing Angle,"3 HDMI Ports, 2 USB Ports",Screen Mirroring / Miracast Support
Infinix Zero 55 inch Ultra HD 4K Smart QLED TV,"₹39,999",77,"55 in, QLED TV","4K Resolution, 3840 x 2160 pixels","Wifi, Ethernet",Smart TV,"2 Speakers, 36 w Output","MediaTek CA-55 Processor, 2 GB RAM, 16 GB Storage",178 ° Viewing Angle,"3 HDMI Ports, 2 USB Ports"
iFFALCON 32F53 32 inch HD Ready Smart LED TV,"₹9,999",49,"32 in, LED TV",1366 x 768 pixels,"Wifi, Ethernet",Smart TV,"2 Speakers, 16 w Output","CA55  Processor, 1 GB RAM, 8 GB Storage",178 ° Viewing Angle,"2 HDMI Ports, 1 USB Ports"
Vu 55QML 55 inch Ultra HD 4K Smart QLED TV,"₹40,999",71,"55 in, QLED TV","4K Resolution, 3840 x 2160 pixels","Wifi, Ethernet",Smart TV,"4 Speakers, 40 w Output","Quad Core Processor Processor, 2 GB RAM, 16 GB Storage",178 ° Viewing Angle,"4 HDMI Ports, 2 USB Ports"
Sony Bravia XR-55X90K 55 inch Ultra HD 4K Smart Full Array LED TV,"₹1,03,490",77,"55 in, LED TV","4K Resolution, 3840 x 2160 pixels","Wifi, Ethernet",Smart TV,"2 Speakers, 30 w Output",178 ° Viewing Angle,"4 HDMI Ports, 2 USB Ports",Supports Apps & Games
TCL 32S615 32 inch HD Ready Smart LED TV,"₹10,990",42,"32 in, LED TV",1366 x 768 pixels,"Wifi, Ethernet",Smart TV,"2 Speakers, 10 w Output",178 ° Viewing Angle,2 HDMI Ports,Screen Mirroring / Miracast Support
Panasonic TH-43LX750DX 43-Inch Ultra HD 4K Smart LED TV,"₹41,440",71,"43 in, LED TV","4K Resolution, 3840 x 2160 pixels","Wifi, Ethernet",Smart TV,"2 Speakers, 20 w Output","2 GB RAM, 16 GB Storage",178 ° Viewing Angle,"3 HDMI Ports, 2 USB Ports"
LG 32LQ576BPSA 32-inch HD Ready Smart LED TV,"₹15,990",49,"32 in, LED TV",1366 x 768 pixels,"Wifi, Ethernet",Smart TV,"2 Speakers, 20 w Output","1 GB RAM, 8 GB Storage",178 ° Viewing Angle,"2 HDMI Ports, 1 USB Ports"
Sony KD-65X74K 65 inch Ultra HD 4K Smart LED TV,"₹75,990",73,"65 in, LED TV","4K Resolution, 3840 x 2160 pixels","Wifi, Ethernet",Smart TV,"2 Speakers, 20 w Output","4K Processor X1 Processor, 16 GB Storage",178 ° Viewing Angle,"3 HDMI Ports, 2 USB Ports"
Sony KD-43X74K 43 inch Ultra HD 4K Smart LED TV,"₹42,990",67,"43 in, LED TV","4K Resolution, 3840 x 2160 pixels","Wifi, Ethernet",Smart TV,"2 Speakers, 20 w Output","4K Processor X1 Processor, 16 GB Storage",178 ° Viewing Angle,"3 HDMI Ports, 2 USB Ports"
Samsung UA65BU8000KLXL 65 inch Ultra HD 4K Smart LED TV,"₹88,490",79,"65 in, LED TV","4K Resolution, 3840 x 2160 pixels","Wifi, Ethernet",Smart TV,"2 Speakers, 20 w Output",178 ° Viewing Angle,"3 HDMI Ports, 2 USB Ports",Screen Mirroring / Miracast Support
Vu Premium  32UA 32 inch HD Ready Smart LED TV,"₹11,999",45,"31.5 in, LED TV",1366 x 768 pixels,"Wifi, Ethernet",Smart TV,"2 Speakers, 20 w Output",A53 Processor Processor,178 ° Viewing Angle,"2 HDMI Ports, 2 USB Ports"
Samsung UA32T4450AKXXL 32 inch HD Ready Smart LED TV,"₹18,420",43,"32 in, LED TV",1366 x 768 pixels,Wifi,Smart TV,"2 Speakers, 20 Output",178 ° Viewing Angle,"2 HDMI Ports, 1 USB Ports",Screen Mirroring / Miracast Support
TCL 43S5200 43 inch Full HD Smart LED TV,"₹20,990",56,"43 in, LED TV","Full HD, 1980 x 1080 pixels",Wifi,Smart TV,"2 Speakers, 16 w Output","Quad Core Processor, 1 GB RAM, 8 GB Storage",178 ° Viewing Angle,"3 HDMI Ports, 1 USB Ports"
Sony Bravia  XR-55A80J 55-inch Ultra HD 4K Smart OLED TV,"₹1,19,990",80,"55 in, OLED TV","4K Resolution, 3840 x 2160 pixels","Wifi, Ethernet",Smart TV,"3 Speakers, 30 w Output",178 ° Viewing Angle,"4 HDMI Ports, 3 USB Ports",3D TV: No
Samsung Crystal 43AU7500 43-inch Ultra HD 4K Smart LED TV,"₹33,490",66,"43 in, LED TV","4K Resolution, 3840 x 2160 pixels","Wifi, Ethernet",Smart TV,"2 Speakers, 20 w Output",178 ° Viewing Angle,"3 HDMI Ports, 1 USB Ports",3D TV: No
Samsung Crystal 50AU7700 50-inch Ultra HD 4K Smart LED TV,"₹45,990",67,"50 in, LED TV","4K Resolution, 3840 x 2160 pixels",Wifi,Smart TV,"2 Speakers, 20 w Output",178 ° Viewing Angle,"3 HDMI Ports, 1 USB Ports",3D TV: No
Foxsky 32FSELS Pro 32-inch Full HD Smart LED TV,"₹7,499",46,"32 in, LED TV","Full HD, 1920 x 1080 pixels",Wifi,Smart TV,"2 Speakers, 30 w Output",178 ° Viewing Angle,"2 HDMI Ports, 2 USB Ports",3D TV: No
Xiaomi Mi 4A Horizon Edition 32-inch HD Ready Smart LED TV,"₹11,999",49,"32 in, LED TV",1366 x 768 pixels,"Wifi, Ethernet",Smart TV,"2 Speakers, 20 w Output","Quad Core Processor, 1 GB RAM, 8 GB Storage",178 ° Viewing Angle,"3 HDMI Ports, 2 USB Ports"
LG 32LM563BPTC 32-inch HD Ready LED Smart TV,"₹13,990",44,"32 in, LED TV",1366 x 768 pixels,"Wifi, Ethernet",Smart TV,"2 Speakers, 10 w Output",178 ° Viewing Angle,"2 HDMI Ports, 1 USB Ports",3D TV: No
Haier LE55K6600HQGA 55-inch Ultra HD 4K Smart LED TV,"₹34,990",69,"55 in, LED TV","4K Resolution, 3840 x 2160 pixels","Wifi, Ethernet",Smart TV,"2 Speakers, 20 w Output",178 ° Viewing Angle,"4 HDMI Ports, 2 USB Ports",3D TV: No
Xiaomi Mi TV Pro E32S 32-inch Full HD Smart LED TV,"₹10,999",52,"32 in, LED TV","Full HD, 1920 x 1080 pixels","Wifi, Ethernet",Smart TV,"2 Speakers, 12 w Output","Quad Core Processor, 1 GB RAM, 8 GB Storage",178 ° Viewing Angle,"2 HDMI Ports, 2 USB Ports"
Xiaomi Redmi X50 50-inch Ultra HD 4K Smart LED TV,"₹32,999",72,"50 in, LED TV","4K Resolution, 3840 x 2160 pixels","Wifi, Ethernet",Smart TV,"2 Speakers, 30 w Output","MediaTek MT9611 Cortex-A55 Processor, 2 GB RAM, 16 GB Storage",178 ° Viewing Angle,"3 HDMI Ports, 2 USB Ports"
Samsung QA98Q900RBK 98-inch Ultra HD 8K Smart QLED TV,"₹59,99,900",98,"98 in, QLED TV","8K Resolution, 7680 x 4320 pixels","Wifi, Ethernet",Smart TV,"4 Speakers, 40 w Output","Ultra Slim, 178 ° Viewing Angle","4 HDMI Ports, 3 USB Ports",3D TV: No
Sony Z9G 98-inch 8K Ultra HD Smart OLED TV,"₹50,00,000",93,"98 in, OLED TV",7680 x 4380 pixels,"Wifi, Ethernet",Smart TV,80 w Output,16 GB Storage,"4 HDMI Ports, 3 USB Ports",3D TV: No
Dyanora DY-LD43U4S 43 inch Ultra HD 4K Smart LED TV,"₹17,999",69,"43 in, LED TV","4K Resolution, 3840 x 2160 pixels","Wifi, Ethernet",Smart TV,"2 Speakers, 40 w Output","1.5 GB RAM, 8 GB Storage",178 ° Viewing Angle,"3 HDMI Ports, 2 USB Ports"
SENS SENS32WASHD 32 inch HD Ready Smart LED TV,"₹8,999",45,"32 in, LED TV","HD Ready, 1280 x 720 pixels","Wifi, Ethernet",Smart TV,"2 Speakers, 20 w Output",CA53 Processor,178 ° Viewing Angle,"2 HDMI Ports, 2 USB Ports"
SENS Pikaso 55 inch Ultra HD 4K Smart LED TV (SENS55WASUHD),"₹28,999",72,"55 in, LED TV","4K Resolution, 3840 x 2160 pixels","Wifi, Ethernet",Smart TV,"2 Speakers, 20 w Output","CA53 Processor, 2 GB RAM, 16 GB Storage",178 ° Viewing Angle,"3 HDMI Ports, 2 USB Ports"
Lloyd 65QX900D 65 inch Ultra HD 4K Smart QLED TV,"₹76,990",77,"65 in, QLED TV","4K Resolution, 3840 x 2160 pixels","Wifi, Ethernet",Smart TV,"2 Speakers, 24 w Output","64-bit Cortex-A55
 Processor, 2 GB RAM, 16 GB Storage",178 ° Viewing Angle,"3 HDMI Ports, 2 USB Ports"
TCL P635 50 inch Ultra HD 4K Smart LED TV (50P635),"₹34,274",71,"50 in, LED TV","4K Resolution, 3840 x 2160 pixels","Wifi, Ethernet",Smart TV,"2 Speakers, 24 w Output","2 GB RAM, 16 GB Storage",178 ° Viewing Angle,"3 HDMI Ports, 1 USB Ports"
Acer N Series AR32NSV53HD 32 inch HD Ready LED TV,"₹8,499",37,"32 in, LED TV",1366 x 768 pixels,"2 Speakers, 20 w Output",178 ° Viewing Angle,"2 HDMI Ports, 2 USB Ports","60 Hz, 16:9 Ratio",,
LG QNED81 65 inch Ultra HD 4K Smart QNED TV (65QNED81SQA),"₹1,29,990",75,"65 in, LED TV","4K Resolution, 3840 x 2160 pixels","Wifi, Ethernet",Smart TV,"2 Speakers, 20 w Output",Alpha 7 Gen5 AI Processor  Processor,178 ° Viewing Angle,"3 HDMI Ports, 2 USB Ports"
Hisense 55U7H 55 inch Ultra HD 4K Smart QLED TV,"₹44,990",62,"55 in, QLED TV","4K Resolution, 3840 x 2160 pixels",Wifi,Smart TV,"2 Speakers, 20 w Output","AMD FreeSync Processor, 3 GB RAM",178 ° Viewing Angle,Supports Apps & Games
Blaupunkt 55QD7020 55 Inch 4K Ultra HD QLED Smart TV,"₹39,999",70,"55 in, QLED TV","4K Resolution, 3840 x 2160 pixels",Wifi,Smart TV,"4 Speakers, 60 w Output",16 GB Storage,178 ° Viewing Angle,"3 HDMI Ports, 2 USB Ports"
Sony Bravia X75K 50 inch Ultra HD 4K Smart LED Google TV (KD-50X75K),"₹53,990",70,"50 in, LED TV","4K Resolution, 3840 x 2160 pixels","Wifi, Ethernet",Smart TV,"2 Speakers, 20 w Output",4K Processor X1 Processor,178 ° Viewing Angle,"3 HDMI Ports, 2 USB Ports"
Xiaomi X Series 55 inch 4K Ultra HD Smart LED TV,"₹39,999",72,"55 in, LED TV","4K Resolution, 3840 x 2160 pixels","Wifi, Ethernet",Smart TV,"2 Speakers, 30 w Output","Quad Core A55 CPU
 Processor, 2 GB RAM, 8 GB Storage",178 ° Viewing Angle,"3 HDMI Ports, 2 USB Ports"
LG UQ8020 55UQ8020PSB 55 inch Ultra HD 4K LED Smart TV,"₹49,990",70,"55 in, LED TV","4K Resolution, 3840 x 2160 pixels","Wifi, Ethernet",Smart TV,"2 Speakers, 20 w Output",178 ° Viewing Angle,"3 HDMI Ports, 2 USB Ports",Supports Apps & Games
Hisense A6H 43 inch Ultra HD 4K Smart LED TV (43A6H),"₹27,990",62,"43 in, LED TV","4K Resolution, 3840 x 2160 pixels","Wifi, Ethernet",Smart TV,"2 Speakers, 20 w Output",178 ° Viewing Angle,"3 HDMI Ports, 2 USB Ports",Screen Mirroring / Miracast Support
Hisense A6H 55 inch Ultra HD 4K Smart LED TV (55A6H),"₹35,490",68,"55 in, LED TV","4K Resolution, 3480 x 2160 pixels","Wifi, Ethernet",Smart TV,"2 Speakers, 20 w Output",178 ° Viewing Angle,"3 HDMI Ports, 2 USB Ports",Supports Apps & Games
Sony Bravia XR-65X90K 65 inch Ultra HD 4K Smart Full Array LED TV,"₹1,41,000",80,"65 in, LED TV","4K Resolution, 3840 x 2160 pixels","Wifi, Ethernet",Smart TV,"2 Speakers, 30 w Output",178 ° Viewing Angle,"4 HDMI Ports, 2 USB Ports",Supports Apps & Games
Toshiba 32V35KP 32 inch Full HD Smart TV,"₹13,990",52,"32 in, LED TV","Full HD, 1920 x 1080 pixels","Wifi, Ethernet",Smart TV,"2 Speakers, 16 w Output","1 GB RAM, 8 GB Storage",178 ° Viewing Angle,"2 HDMI Ports, 2 USB Ports"
Panasonic TH-55LX750DX 55-Inch Ultra HD 4K Smart LED TV,"₹58,500",74,"55 in, LED TV","4K Resolution, 3840 x 2160 pixels","Wifi, Ethernet",Smart TV,"2 Speakers, 20 w Output","2 GB RAM, 16 GB Storage",178 ° Viewing Angle,"3 HDMI Ports, 2 USB Ports"
OnePlus Y1S 43 inch Full HD Smart LED TV,"₹24,999",57,"43 in, LED TV","Full HD, 1920 x 1080 pixels","Wifi, Ethernet",Smart TV,"2 Speakers, 20 w Output","1 GB RAM, 8 GB Storage",178 ° Viewing Angle,"2 HDMI Ports, 2 USB Ports"
Kodak 7XPro 43UHDX7XPROBL 43-inch Ultra HD 4K Smart LED TV,"₹19,999",69,"42.52 in, LED TV","4K Resolution, 3840 x 2160 pixels","Wifi, Ethernet",Smart TV,"2 Speakers, 40 w Output","ARM Cortex A53 Processor, 2 GB RAM, 8 GB Storage",178 ° Viewing Angle,"3 HDMI Ports, 2 USB Ports"
Acer P Series AR32AP2841HDFL 32 inch HD Ready Smart LED TV,"₹11,499",49,"31.5 in, LED TV",1366 x 768 pixels,"Wifi, Ethernet",Smart TV,"2 Speakers, 24 w Output","Cortex-A53 x 4 64 Bit Processor, 1.5 GB RAM, 8 GB Storage",178 ° Viewing Angle,"3 HDMI Ports, 2 USB Ports"
Motorola Revou-Q 55UHDAQMDT5Q 55-inch Ultra HD 4K Smart QLED TV,"₹40,999",75,"54.72 in, QLED TV","4K Resolution, 3840 x 2160 pixels","Wifi, Ethernet",Smart TV,"2 Speakers, 60 w Output","1.1 GHz Quad Core Processor Processor, 2 GB RAM, 16 GB Storage",178 ° Viewing Angle,"3 HDMI Ports, 2 USB Ports"
Realme TV Neo 32-inch HD Ready Smart LED TV,"₹11,999",45,"32 in, LED TV",1366 x 768 pixels,"Wifi, Ethernet",Smart TV,"2 Speakers, 20 w Output","A35 Processor, 512 MB RAM, 4 GB Storage",178 ° Viewing Angle,"2 HDMI Ports, 1 USB Ports"
TCL C725 65-inch Ultra HD 4K Smart QLED TV,"₹63,990",79,"65 in, QLED TV","4K Resolution, 3840 x 2160 pixels","Wifi, Ethernet",Smart TV,"2 Speakers, 24 w Output","Quad Core Processor, 2 GB RAM, 16 GB Storage",178 ° Viewing Angle,"3 HDMI Ports, 2 USB Ports"
Realme RMV2003 32-inch Full HD Smart LED TV,"₹16,499",55,"32 in, LED TV","Full HD, 1080 x 1920 pixels",Wifi,Smart TV,"4 Speakers, 24 w Output","A53  Processor, 1 GB RAM, 8 GB Storage",178 ° Viewing Angle,"3 HDMI Ports, 2 USB Ports"
Samsung Crystal 4K Pro UA43AUE70AKLXL 43-inch Ultra HD 4K Smart LED TV,"₹30,999",64,"43 in, LED TV","4K Resolution, 3840 x 2160 pixels",Wifi,Smart TV,"2 Speakers, 20 w Output",Crystal Processor 4K Processor,178 ° Viewing Angle,"3 HDMI Ports, 1 USB Ports"
VW VW32S 32-inch HD Ready Smart LED TV,"₹7,999",43,"32 in, LED TV",1366 x 768 pixels,Wifi,Smart TV,"2 Speakers, 20 w Output",178 ° Viewing Angle,"2 HDMI Ports, 2 USB Ports",3D TV: No
Sansui JSW40ASFHD 40 inch Full HD Smart LED TV,"₹16,990",54,"40 in, LED TV","Full HD, 1920 x 1080 pixels","Wifi, Ethernet",Smart TV,"2 Speakers, 20 w Output","CA53 Processor, 1 GB RAM, 8 GB Storage",178 ° Viewing Angle,"2 HDMI Ports, 2 USB Ports"
Sansui JSW55ASUHD 55 inch Ultra HD 4K Smart LED TV,"₹30,990",71,"55 in, LED TV","4K Resolution, 3840 x 2160 pixels","Wifi, Ethernet",Smart TV,"2 Speakers, 20 w Output","CA53 Processor, 2 GB RAM, 8 GB Storage",178 ° Viewing Angle,"3 HDMI Ports, 2 USB Ports"
Kodak 32HDX7XPRO 32-inch HD Ready Smart LED TV,"₹9,499",51,"32 in, LED TV",1366 x 768 pixels,"Wifi, Ethernet",Smart TV,"2 Speakers, 24 w Output","ARM Cortex-A53 Processor, 1 GB RAM, 8 GB Storage",178 ° Viewing Angle,"3 HDMI Ports, 2 USB Ports"
Redmi MAX 98-inch Ultra HD 4K Smart LED TV,"₹2,15,999",79,"98 in, LED TV","4K Resolution, 3840 x 2160 pixels","Wifi, Ethernet",Smart TV,"4 Speakers, 40 w Output","4 Processor, 4 GB RAM, 64 GB Storage",178 ° Viewing Angle,"3 HDMI Ports, 2 USB Ports"
OnePlus Q1 Pro 55-inch Ultra HD 4K Smart LED TV(55Q1IN),"₹64,899",80,"55 in, QLED TV","4K Resolution, 3840 x 2160 pixels","Wifi, Ethernet",Smart TV,"4 Speakers, 50 w Output","ARM Cortex-A53 Processor, 3 GB RAM, 8 GB Storage",178 ° Viewing Angle,"4 HDMI Ports, 3 USB Ports"
Yuwa Y-32S-FL 32 inch HD Ready Smart LED TV (2023 Model),"₹8,456",50,"32 in, LED TV",1366 x 768 pixels,"Wifi, Ethernet",Smart TV,"2 Speakers, 12 w Output","Cortex A53 Processor, 1 GB RAM, 8 GB Storage","Curved Screen, 178 ° Viewing Angle","1 HDMI Ports, 2 USB Ports"
Kodak Matrix 50 inch Ultra HD 4K Smart QLED TV,"₹33,999",69,"50 in, QLED TV","4K Resolution, 3840 x 2160 pixels","Wifi, Ethernet",Smart TV,"2 Speakers, 40 w Output","MediaTek MT9062 Processor, 2 GB RAM, 16 GB Storage","3 HDMI Ports, 2 USB Ports",3D TV: No
BeethoSOL SMTBG43FHDEK 43 inch Full HD Smart LED TV,"₹14,299",53,"43 in, LED TV","Full HD, 1920 x 1080 pixels",Wifi,Smart TV,"2 Speakers, 24 w Output","Quad Core Processor, 1 GB RAM, 8 GB Storage",178 ° Viewing Angle,"2 HDMI Ports, 2 USB Ports"
BPL 43F-A4301 43 inch Full HD Smart LED TV,"₹22,699",50,"43 in, LED TV","Full HD, 1920 x 1080 pixels","Wifi, Ethernet",Smart TV,"2 Speakers, 18 w Output","2 HDMI Ports, 2 USB Ports",Screen Mirroring / Miracast Support,"60 Hz, 16:9 Ratio"
LG B2 55 inch Ultra HD 4K Smart OLED TV (OLED55B2PSA),"₹1,25,999",79,"55 in, OLED TV","4K Resolution, 3840 x 2160 pixels","Wifi, Ethernet",Smart TV,"2 Speakers, 20 w Output",α7 Gen5 AI Processor 4K Processor,"Ultra Slim, 178 ° Viewing Angle","4 HDMI Ports, 2 USB Ports"
LeTV G55ES 55 inch Ultra HD 4K Smart LED TV,"₹18,990",71,"55 in, LED TV","4K Resolution, 3840 x 2160 pixels","Wifi, Ethernet",Smart TV,"2 Speakers, 20 w Output","dual-core A73 + dual-core A53 Processor, 3 GB RAM, 32 GB Storage",178 ° Viewing Angle,"2 HDMI Ports, 2 USB Ports"
Coocaa 32Z72 32 inch HD Ready Smart LED Google TV,"₹10,999",43,"32 in, LED TV",1366 x 768 pixels,"Wifi, Ethernet",Smart TV,"2 Speakers, 20 w Output",Quad Core Cortex A55*4 - 1.5GHz Processor,178 ° Viewing Angle,"2 HDMI Ports, 2 USB Ports"
T-Series TX-80K BL 32 inch HD Ready Smart LED TV,"₹10,490",41,"32 in, LED TV",1366 x 768 pixels,Wifi,Smart TV,"2 Speakers, 6 w Output","512 RAM, 4 GB Storage",178 ° Viewing Angle,"2 HDMI Ports, 2 USB Ports"
Lloyd 75QX900D 75 inch Ultra HD 4K Smart QLED TV,"₹1,14,999",80,"75 in, QLED TV","4K Resolution, 3840 x 2160 pixels","Wifi, Ethernet",Smart TV,"2 Speakers, 24 w Output","64-bit Cortex-A55
 Processor, 2 GB RAM, 16 GB Storage",178 ° Viewing Angle,"3 HDMI Ports, 2 USB Ports"
Kodak 55MT5022 55 inch Ultra HD 4K Smart LED TV,"₹35,999",66,"55 in, QLED TV","4K Resolution, 3840 x 2160 pixels",Wifi,Smart TV,"2 Speakers, 40 w Output",16 GB Storage,178 ° Viewing Angle,"3 HDMI Ports, 2 USB Ports"
LG 32LQ636B 32 inch HD Ready Smart LED  TV,"₹17,319",45,"32 in, LED TV",1366 x 768 pixels,"Wifi, Ethernet",Smart TV,"2 Speakers, 20 w Output",178 ° Viewing Angle,"2 HDMI Ports, 2 USB Ports",Screen Mirroring / Miracast Support
Panasonic TH-55LX850DX 55 inch Ultra HD 4K Smart LED TV,"₹67,129",69,"55 in, LED TV","4K Resolution, 3840 x 2160 pixels","Wifi, Ethernet",Smart TV,"2 Speakers, 20 w Output",2 GB RAM,178 ° Viewing Angle,"3 HDMI Ports, 2 USB Ports"
Lloyd 32HS550D 32-inch HD Ready Smart LED TV,"₹15,490",47,"32 in, LED TV",1366 x 768 pixels,Wifi,Smart TV,"2 Speakers, 20 w Output",178 ° Viewing Angle,"3 HDMI Ports, 2 USB Ports",3D TV: No
Samsung AUE65 55 inch Ultra HD 4K Smart LED TV (UA55AUE65AKXXL),"₹47,990",68,"55 in, LED TV","4K Resolution, 3840 x 2160 pixels","Wifi, Ethernet",Smart TV,"2 Speakers, 20 w Output",178 ° Viewing Angle,"3 HDMI Ports, 1 USB Ports",Screen Mirroring / Miracast Support
Acer AR43AR2851UDPRO 43 inch Ultra HD 4K Smart LED TV,"₹26,999",74,"43 in, LED TV","4K Resolution, 3840 x 2160 pixels","Wifi, Ethernet",Smart TV,"2 Speakers, 60 w Output","2 GB RAM, 16 GB Storage",178 ° Viewing Angle,"3 HDMI Ports, 2 USB Ports"
Zebronics ZEB-55W2 55 inch Ultra HD 4K Smart LED TV,"₹72,999",60,"55 in, LED TV","4K Resolution, 3840 x 2160 pixels","Wifi, Ethernet",Smart TV,"2 Speakers, 20 w Output","CA55 Processor, 1.5 GB RAM, 8 GB Storage",178 ° Viewing Angle,"60 Hz, 16:9 Ratio"
LG NanoCell 55NANO75SQA 55 inch Ultra HD 4K Smart LED TV,"₹79,990",70,"55 in, LED TV","4K Resolution, 3840 x 2160 pixels","Wifi, Ethernet",Smart TV,"2 Speakers, 20 w Output",178 ° Viewing Angle,"3 HDMI Ports, 2 USB Ports",Supports Apps & Games
LG UQ8020 43UQ8020PSB 43 inch Ultra HD 4K LED Smart TV,"₹35,990",69,"43 in, LED TV","4K Resolution, 3840 x 2160 pixels","Wifi, Ethernet",Smart TV,"2 Speakers, 20 w Output","1.5 GB RAM, 8 GB Storage",178 ° Viewing Angle,"3 HDMI Ports, 2 USB Ports"
LG C2 77 inch Ultra HD 4K OLED Smart TV (OLED77C2PSC),"₹4,39,999",86,"77 in, OLED TV","4K Resolution, 3840 x 2160 pixels","Wifi, Ethernet",Smart TV,"2 Speakers, 20 w Output",178 ° Viewing Angle,"4 HDMI Ports, 3 USB Ports",Supports Apps & Games
LG C2X OLED48C2XSA 48-inch Ultra HD 4K Smart OLED TV,"₹1,14,990",80,"48 in, OLED TV","4K Resolution, 3840 x 2160 pixels","Wifi, Ethernet",Smart TV,"2 Speakers, 20 w Output",178 ° Viewing Angle,"4 HDMI Ports, 3 USB Ports",Supports Apps & Games
Karbonn KJW32SKHD 32 inch HD Ready Smart LED TV,"₹8,990",51,"32 in, LED TV",1366 x 768 pixels,"Wifi, Ethernet",Smart TV,"2 Speakers, 20 w Output","Quad-Core A53 1.5GHz Processor Processor, 1 GB RAM, 8 GB Storage",178 ° Viewing Angle,"2 HDMI Ports, 2 USB Ports"
Hisense A6H 50 inch Ultra HD 4K Smart LED TV (50A6H),"₹32,990",63,"50 in, LED TV","4K Resolution, 3840 x 2160 pixels","Wifi, Ethernet",Smart TV,"2 Speakers, 20 w Output",178 ° Viewing Angle,"3 HDMI Ports, 2 USB Ports",Screen Mirroring / Miracast Support
Toshiba 55C350LP 55 inch Ultra HD 4K Smart LED TV,"₹34,990",64,"55 in, LED TV","4K Resolution, 3840 x 2160 pixels","Wifi, Ethernet",Smart TV,"2 Speakers, 24 w Output",REGZA Engine 4K Processor,178 ° Viewing Angle,"3 HDMI Ports, 2 USB Ports"
TCL 43C635 43 inch Ultra HD 4K Smart LED TV,"₹34,990",66,"43 in, QLED TV","4K Resolution, 3480 x 2160 pixels","Wifi, Ethernet",Smart TV,"2 Speakers, 24 w Output","2 GB RAM, 16 GB Storage",178 ° Viewing Angle,"2 HDMI Ports, 1 USB Ports"
TCL 55C635 55 inch Ultra HD 4K Smart QLED TV,"₹44,990",65,"55 in, QLED TV","4K Resolution, 3480 x 2160 pixels","Wifi, Ethernet",Smart TV,"2 Speakers, 30 w Output",178 ° Viewing Angle,"3 HDMI Ports, 2 USB Ports",Supports Apps & Games
Hisense 55U8G 55-inch Ultra HD 4K Smart ULED TV,"₹45,990",69,"55 in, LED TV","4K Resolution, 3480 x 2160 pixels","Wifi, Ethernet",Smart TV,"2 Speakers, 24 w Output",178 ° Viewing Angle,"4 HDMI Ports, 2 USB Ports",Supports Apps & Games
Dyanora DY-LD24H4S 24 Inch HD Ready LED TV,"₹6,399",44,"24.02 in, LED TV",1366 x 768 pixels,"Wifi, Ethernet",Smart TV,"2 Speakers, 20 w Output","Quad-Core Processor Processor, 512 MB RAM, 4 GB Storage",178 ° Viewing Angle,"2 HDMI Ports, 2 USB Ports"
Westinghouse WH32PL09 32 Inch HD Ready Smart LED TV,"₹6,999",47,"32 in, LED TV",1366 x 768 pixels,"Wifi, Ethernet",Smart TV,"2 Speakers, 20 w Output","ARM Cortex-A53 Processor, 1 GB RAM, 8 GB Storage",178 ° Viewing Angle,2 HDMI Ports
Xiaomi Mi TV EA Pro 55 inch Ultra HD 4K Smart LED TV,"₹23,490",70,"55 in, LED TV","4K Resolution, 3840 x 2160 pixels","Wifi, Ethernet",Smart TV,"2 Speakers, 20 w Output","MT9638 Chip Processor, 2 GB RAM, 16 GB Storage",178 ° Viewing Angle,"2 HDMI Ports, 2 USB Ports"
Sansui Neo JSW32CSHD 32-inch HD Ready Smart LED TV,"₹9,999",46,"31.5 in, LED TV",1366 x 768 pixels,"Wifi, Ethernet",Smart TV,"2 Speakers, 20 w Output","Mali G31 Processor, 512 MB RAM, 4 GB Storage",178 ° Viewing Angle,"2 HDMI Ports, 1 USB Ports"
LG 32LQ573BPSA 32 Inch HD Ready Smart LED TV,"₹17,940",48,"32 in, LED TV",1366 x 768 pixels,"Wifi, Ethernet",Smart TV,"2 Speakers, 20 w Output",178 ° Viewing Angle,"2 HDMI Ports, 1 USB Ports",Screen Mirroring / Miracast Support
Croma CREL055USA024601 55-Inch Ultra HD 4K Smart LED TV,"₹33,990",62,"55 in, LED TV","4K Resolution, 3480 x 2160 pixels","Wifi, Ethernet",Smart TV,"2 Speakers, 20 w Output",178 ° Viewing Angle,"3 HDMI Ports, 2 USB Ports",Screen Mirroring / Miracast Support
CompaQ Hueq X 43 inch Full HD Smart LED TV (CQV43FDS),"₹25,990",53,"43 in, LED TV","Full HD, 1920 x 1080 pixels","Wifi, Ethernet",Smart TV,"2 Speakers, 14 w Output",Quad Core Processor,178 ° Viewing Angle,"3 HDMI Ports, 2 USB Ports"
Samsung UA85BU8000KXXL 85 inch Ultra HD 4K Smart LED TV,"₹3,64,990",83,"85 in, LED TV","4K Resolution, 3840 x 2160 pixels","Wifi, Ethernet",Smart TV,"2 Speakers, 20 w Output",178 ° Viewing Angle,"3 HDMI Ports, 2 USB Ports",Screen Mirroring / Miracast Support
Croma CREL032HOF024601 32 Inch HD Ready Smart LED TV,"₹12,990",47,"32 in, LED TV",1366 x 768 pixels,"Wifi, Ethernet",Smart TV,"2 Speakers, 20 w Output",178 ° Viewing Angle,"2 HDMI Ports, 2 USB Ports",Screen Mirroring / Miracast Support
ONIDA 32IV 32 inch HD Ready Smart LED TV,"₹11,999",45,"32 in, LED TV",1366 x 768 pixels,Wifi,Smart TV,"2 Speakers, 20 w Output",178 ° Viewing Angle,"2 HDMI Ports, 2 USB Ports",Screen Mirroring / Miracast Support
Infinix X3 32 inch HD Ready Smart LED TV,"₹10,499",53,"32 in, LED TV",1366 x 768 pixels,"Wifi, Ethernet",Smart TV,"2 Speakers, 20 w Output","Realtek RTD2841 Processor, 1 GB RAM, 8 GB Storage",178 ° Viewing Angle,"3 HDMI Ports, 2 USB Ports"
Vu 65QMP 65 inch Ultra HD 4K Smart QLED TV,"₹84,990",81,"65 in, LED TV","4K Resolution, 3840 x 2160 pixels","Wifi, Ethernet",Smart TV,"4.1 Speakers, 100 w Output","3 GB RAM, 16 GB Storage",178 ° Viewing Angle,"4 HDMI Ports, 2 USB Ports"
Samsung QA98QN90AAKXXL 98 Inch Ultra HD 4K Smart LED TV,"₹16,74,000",88,"95 in, QLED TV","4K Resolution, 3840 x 2160 pixels","Wifi, Ethernet",Smart TV,"4 Speakers, 60 w Output",Neo Quantum Processor 4K Processor,178 ° Viewing Angle,"4 HDMI Ports, 2 USB Ports"
Adsun Frameless A-3210S/F 32 inch HD Ready  Smart LED TV,"₹7,999",44,"32 in, LED TV",1366 x 768 pixels,"Wifi, Ethernet",Smart TV,"2 Speakers, 20 w Output","Quad Core Processor, 1 GB RAM, 8 GB Storage","2 HDMI Ports, 2 USB Ports",Supports Apps & Games
OnePlus Y1S Edge 43 inch Full HD Smart LED TV,"₹25,999",57,"43 in, LED TV","Full HD, 1920 x 1080 pixels","Wifi, Ethernet",Smart TV,"2 Speakers, 24 w Output","1 GB RAM, 8 GB Storage",178 ° Viewing Angle,"2 HDMI Ports, 2 USB Ports"
Sony Bravia XR-65A95K 65 inch Ultra HD 4K Smart OLED TV,"₹2,89,990",83,"65 in, OLED TV","4K Resolution, 3840 x 2160 pixels",Wifi,Smart TV,Cognitive Processor XR Processor,178 ° Viewing Angle,"3 HDMI Ports, 2 USB Ports",Screen Mirroring / Miracast Support
Xiaomi Mi TV EA70 2022 70 inch Ultra HD 4K Smart LED TV,"₹49,999",72,"70 in, LED TV","4K Resolution, 3840 x 2160 pixels","Wifi, Ethernet",Smart TV,"2 Speakers, 20 w Output","Cortex A35 Processor, 1.5 GB RAM, 8 GB Storage",178 ° Viewing Angle,"3 HDMI Ports, 2 USB Ports"
LG NanoCell 55NANO75TPZ 55-inch Ultra HD 4K Smart LED TV,"₹59,990",74,"55 in, LED TV","4K Resolution, 3840 x 2160 pixels","Wifi, Ethernet",Smart TV,"2 Speakers, 20 w Output","Quad Core Processor, 8 GB Storage",178 ° Viewing Angle,"3 HDMI Ports, 2 USB Ports"
LG NanoCell 50NANO75TPZ 50-inch Ultra HD 4K Smart LED TV,"₹57,999",70,"50 in, LED TV","4K Resolution, 3840 x 2160 pixels","Wifi, Ethernet",Smart TV,"2 Speakers, 20 w Output","Quad Core Processor, 8 GB Storage",178 ° Viewing Angle,"3 HDMI Ports, 2 USB Ports"
Foxsky 32FS-VS 32-inch Full HD Smart LED TV,"₹7,999",53,"32 in, LED TV","Full HD, 1920 x 1080 pixels",Wifi,Smart TV,"2 Speakers, 30 w Output","1 GB RAM, 8 GB Storage",178 ° Viewing Angle,"2 HDMI Ports, 2 USB Ports"
Itel G5534IE 55-inch Ultra HD 4K Smart LED TV,"₹46,999",69,"55 in, LED TV","4K Resolution, 3840 x 2160 pixels",Wifi,Smart TV,"2 Speakers, 20 w Output","Cortex A53 Processor, 2 GB RAM, 8 GB Storage",178 ° Viewing Angle,"3 HDMI Ports, 2 USB Ports"
Samsung Crystal 55AU7500 55-inch Ultra HD 4K Smart LED TV,"₹50,480",69,"55 in, LED TV","4K Resolution, 3840 x 2160 pixels","Wifi, Ethernet",Smart TV,"2 Speakers, 20 w Output",178 ° Viewing Angle,"3 HDMI Ports, 1 USB Ports",3D TV: No
Samsung Crystal 65AU7700 65-inch Ultra HD 4K Smart LED TV,"₹82,750",74,"65 in, LED TV","4K Resolution, 3840 x 2160 pixels",Wifi,Smart TV,"2 Speakers, 20 w Output",178 ° Viewing Angle,"3 HDMI Ports, 1 USB Ports",3D TV: No
OnePlus U1S 50-inch Ultra HD 4K Smart LED TV,"₹37,999",72,"50 in, LED TV","4K Resolution, 3840 x 2160 pixels","Wifi, Ethernet",Smart TV,"2 Speakers, 30 w Output","Cortex-A55 x 4 Processor, 2 GB RAM, 16 GB Storage",178 ° Viewing Angle,"3 HDMI Ports, 2 USB Ports"
Sony X75 KD-43X75 43-inch Ultra HD 4K Smart LED TV,"₹44,990",65,"43 in, LED TV","4K Resolution, 3840 x 2160 pixels","Wifi, Ethernet",Smart TV,"2 Speakers, 20 w Output",178 ° Viewing Angle,"3 HDMI Ports, 2 USB Ports",3D TV: No
OnePlus U1S 55-inch Ultra HD 4K Smart LED TV,"₹42,999",72,"55 in, LED TV","4K Resolution, 3840 x 2160 pixels","Wifi, Ethernet",Smart TV,"4 Speakers, 30 w Output","2 GB RAM, 16 GB Storage",178 ° Viewing Angle,"3 HDMI Ports, 2 USB Ports"
OnePlus 40Y1 40 inch Full HD Smart LED TV,"₹21,999",54,"40 in, LED TV","Full HD, 1920 x 1080 pixels","Wifi, Ethernet",Smart TV,"2 Speakers, 20 w Output","Cortex-A53 x 4 Processor, 1 GB RAM, 8 GB Storage",178 ° Viewing Angle,"2 HDMI Ports, 2 USB Ports"
Samsung Crystal 4K UA55AUE60AKLXL 55-inch Ultra HD 4K Smart LED TV,"₹45,990",67,"55 in, LED TV","4K Resolution, 3840 x 2160 pixels",Wifi,Smart TV,"2 Speakers, 20 w Output",Crystal Processor 4K Processor,178 ° Viewing Angle,"3 HDMI Ports, 1 USB Ports"
Croma CREL7369 32-inch HD Ready LED TV,"₹7,490",36,"32 in, LED TV",1366 x 768 pixels,Smart TV: No,"2 Speakers, 20 w Output",178 ° Viewing Angle,"2 HDMI Ports, 2 USB Ports",3D TV: No,"60 Hz, 16 : 9 Ratio"
Hisense Tornado 55-inch Ultra HD 4K Smart LED TV,"₹43,990",76,"55 in, LED TV","4K Resolution, 3840 x 2160 pixels","Wifi, Ethernet",Smart TV,"6 Speakers, 102 w Output","Cortex-A53  Processor, 2 GB RAM, 16 GB Storage",178 ° Viewing Angle,"3 HDMI Ports, 2 USB Ports"
Sony Bravia KD-55X7002G 55-inch Ultra HD 4K Smart LED TV,"₹49,999",71,"55 in, LED TV","4K Resolution, 3840 x 2160 pixels","Wifi, Ethernet",Smart TV,"2 Speakers, 20 w Output",1 GB RAM,178 ° Viewing Angle,"3 HDMI Ports, 3 USB Ports"
Oppo TV R1 55-inch Ultra HD 4K Smart LED TV,"₹38,999",63,"55 in, LED TV","4K Resolution, 3840 x 2160 pixels",Wifi,Smart TV,"2 Speakers, 20 w Output","2 GB RAM, 32 GB Storage",178 ° Viewing Angle,"1 HDMI Ports, 2 USB Ports"
Haier LE32K6600GA 32-inch HD Ready Smart AI Plus LED TV,"₹16,999",48,"32 in, LED TV",1366 x 768 pixels,"Wifi, Ethernet",Smart TV,"2 Speakers, 20 w Output",178 ° Viewing Angle,"3 HDMI Ports, 2 USB Ports",3D TV: No
Samsung 32T4350 32-inch HD Ready Smart LED TV,"₹16,500",44,"32 in, LED TV",1366 x 768 pixels,Wifi,Smart TV,"2 Speakers, 20 w Output",178 ° Viewing Angle,"2 HDMI Ports, 1 USB Ports",3D TV: No
TCL 65C815 65-inch Ultra HD 4K Smart QLED TV,"₹64,990",75,"65 in, QLED TV","4K Resolution, 3840 x 2160 pixels","Wifi, Ethernet",Smart TV,"2 Speakers, 20 w Output","Cortex A55 Processor, 2 GB RAM, 16 GB Storage",178 ° Viewing Angle,"3 HDMI Ports, 2 USB Ports"
Xiaomi Redmi X55 55-inch Ultra HD 4K Smart LED TV,"₹39,999",73,"55 in, LED TV","4K Resolution, 3840 x 2160 pixels","Wifi, Ethernet",Smart TV,"2 Speakers, 30 w Output","MediaTek MT9611 Cortex-A55 Processor, 2 GB RAM, 16 GB Storage",178 ° Viewing Angle,"3 HDMI Ports, 2 USB Ports"
Xiaomi Mi TV 5 75-inch Ultra HD 4K Smart QLED TV,"₹80,990",73,"75 in, QLED TV","4K Resolution, 3840 x 2160 pixels","Wifi, Ethernet",Smart TV,4 Speakers,"Amlogic T972  Processor, 3 GB RAM, 32 GB Storage",178 ° Viewing Angle,"3 HDMI Ports, 2 USB Ports"
LG 32LM576BPTC 32-inch HD Ready Smart LED TV,"₹23,490",47,"32 in, LED TV",1366 x 768 pixels,"Wifi, Ethernet",Smart TV,"2 Speakers, 20 w Output",Quad Core Processor,178 ° Viewing Angle,"2 HDMI Ports, 1 USB Ports"
BeethoSOL LEDATBG32HDEK 32 inch HD Ready LED TV,"₹6,299",33,"32 in, LED TV",1366 x 768 pixels,"2 Speakers, 24 w Output","2 HDMI Ports, 2 USB Ports","60 Hz, 16:9 Ratio",,,
Sony Bravia X74K 50 inch Ultra HD 4K Smart LED TV (KD-50X74K),"₹53,990",65,"50 in, LED TV","4K Resolution, 3840 x 2160 pixels","Wifi, Ethernet",Smart TV,"2 Speakers, 20 w Output","3 HDMI Ports, 2 USB Ports",3D TV: No,Supports Apps & Games
Dot One 32N.1-FR01 32 inch HD Ready LED TV,"₹6,987",35,"32 in, LED TV",1366 x 768 pixels,Smart TV: No,"2 Speakers, 20 w Output",178 ° Viewing Angle,"2 HDMI Ports, 2 USB Ports",3D TV: No,"60 Hz, 16:9 Ratio"
Dot One 24S.1-FRC9 24 inch HD Ready Smart LED TV,"₹7,289",46,"24 in, LED TV",1366 x 768 pixels,"Wifi, Ethernet",Smart TV,"2 Speakers, 8 w Output","A53 1.2GHz Processor, 512 MB RAM, 4 GB Storage",178 ° Viewing Angle,"2 HDMI Ports, 2 USB Ports"
Dot One 32S.1-FRB9 32 inch HD Ready Smart LED TV,"₹8,389",47,"32 in, LED TV",1366 x 768 pixels,"Wifi, Ethernet",Smart TV,"2 Speakers, 10 w Output","ARM Cortex-A53/1.5GHz Processor, 512 MB RAM, 4 GB Storage",178 ° Viewing Angle,"2 HDMI Ports, 2 USB Ports"
Dot One 50U.1-02C9 50 inch Ultra HD 4K Smart LED TV,"₹28,590",72,"50 in, LED TV","4K Resolution, 3840 x 2160 pixels","Wifi, Ethernet",Smart TV,"2 Speakers, 20 w Output","A55/ 1.9GHz Processor, 2 GB RAM, 16 GB Storage",178 ° Viewing Angle,"3 HDMI Ports, 2 USB Ports"
TruSense TS 4343 43 inch Ultra HD 4K Smart LED TV,"₹35,000",68,"43 in, LED TV","4K Resolution, 3840 x 2160 pixels",Wifi,Smart TV,"2 Speakers, 24 w Output","1.5 GB RAM, 8 GB Storage",178 ° Viewing Angle,"3 HDMI Ports, 2 USB Ports"
Dot One 32S.1-FLC9 32 inch HD Ready Smart LED TV,"₹8,490",49,"32 in, LED TV",1366 x 768 pixels,"Wifi, Ethernet",Smart TV,"2 Speakers, 10 w Output","A53 1.2GHz Processor, 1 GB RAM, 8 GB Storage",178 ° Viewing Angle,"2 HDMI Ports, 2 USB Ports"
Blaupunkt 24Sigma707 24 inch HD Ready Smart LED TV,"₹7,499",44,"24 in, LED TV",1366 x 768 pixels,Wifi,Smart TV,"2 Speakers, 20 w Output",Quad Core Processor,178 ° Viewing Angle,"2 HDMI Ports, 2 USB Ports"
SENS Pikaso 50 inch Ultra HD 4K Smart LED TV (SENS50WASUHD),"₹23,999",66,"50 in, LED TV","4K Resolution, 3840 x 2160 pixels","Wifi, Ethernet",Smart TV,"2 Speakers, 20 w Output",CA53 Processor,178 ° Viewing Angle,"3 HDMI Ports, 2 USB Ports"
Haier 43EGA1 43 inch Full HD Smart LED TV,"₹27,900",49,"43 in, LED TV","Full HD, 1920 x 1080 pixels",Wifi,Smart TV,"2 Speakers, 20 w Output","3 HDMI Ports, 2 USB Ports",60 Hz,
Kodak Matrix 55 inch Ultra HD 4K Smart QLED TV,"₹39,999",70,"55 in, QLED TV","4K Resolution, 3840 x 2160 pixels","Wifi, Ethernet",Smart TV,"2 Speakers, 40 w Output","MediaTek MT9062 Processor, 2 GB RAM, 16 GB Storage","3 HDMI Ports, 2 USB Ports",3D TV: No
Croma CREL043USA024601 43 inch Ultra HD 4K Smart LED TV,"₹20,990",66,"43 in, LED TV","4K Resolution, 3840 x 2160 pixels","Wifi, Ethernet",Smart TV,"2 Speakers, 20 w Output","2 GB RAM, 8 GB Storage",178 ° Viewing Angle,"3 HDMI Ports, 2 USB Ports"
BPL 32H-B4000 32 inch HD Ready Smart LED TV,"₹12,979",42,"32 in, LED TV",1366 x 768 pixels,"Wifi, Ethernet",Smart TV,"2 Speakers, 18 w Output",178 ° Viewing Angle,"2 HDMI Ports, 1 USB Ports",Screen Mirroring / Miracast Support
Intex LED-SHF3291 32 inch HD Ready Smart LED TV Smart,"₹11,990",52,"32 in, LED TV",1366 x 768 pixels,"Wifi, Ethernet",Smart TV,"2 Speakers, 20 w Output","1 GB RAM, 8 GB Storage",178 ° Viewing Angle,"2 HDMI Ports, 2 USB Ports"
Croma CREL024HBB024602 24 inch HD Ready LED TV,"₹5,590",35,"24 in, LED TV",1366 x 768 pixels,"2 Speakers, 16 w Output",178 ° Viewing Angle,"2 HDMI Ports, 2 USB Ports","60 Hz, 16:9 Ratio",,
Panasonic TH-43LX700DX 43 inch Ultra HD 4K Smart LED TV,"₹32,790",70,"43 in, LED TV","4K Resolution, 3840 x 2160 pixels","Wifi, Ethernet",Smart TV,"2 Speakers, 20 w Output","2 GB RAM, 16 GB Storage",178 ° Viewing Angle,"2 HDMI Ports, 2 USB Ports"
LeTV Super TV F50 Pro 50 inch Ultra HD 4K Smart LED TV,"₹15,999",71,"50 in, LED TV","4K Resolution, 3840 x 2160 pixels","Wifi, Ethernet",Smart TV,"2 Speakers, 16 w Output","A55 processor Processor, 2 GB RAM, 16 GB Storage",178 ° Viewing Angle,"2 HDMI Ports, 2 USB Ports"
LG NANO75 43 Inch Ultra HD 4K Smart LED TV (43NANO75SQA),"₹52,990",71,"65 in, LED TV","4K Resolution, 3840 x 2160 pixels","Wifi, Ethernet",Smart TV,"2 Speakers, 20 w Output",178 ° Viewing Angle,"3 HDMI Ports, 2 USB Ports",Supports Apps & Games
iFFALCON by TCL iFF55U62 55 inch Ultra HD 4K Smart LED TV,"₹35,999",66,"55 in, LED TV","4K Resolution, 3840 x 2160 pixels","Wifi, Ethernet",Smart TV,"2 Speakers, 24 w Output",2 GB RAM,178 ° Viewing Angle,"3 HDMI Ports, 1 USB Ports"
Skytron S32FHSC 32 Inches Full HD Smart LED TV,"₹9,689",50,"32 in, LED TV","Full HD, 1920 x 1080 pixels",Wifi,Smart TV,"2 Speakers, 24 w Output","1 GB RAM, 8 GB Storage",180 ° Viewing Angle,"3 HDMI Ports, 2 USB Ports"
LG 75UQ8040PSB 75 inch Ultra HD 4K Smart LED TV,"₹1,45,999",76,"75 in, LED TV","4K Resolution, 3840 x 2160 pixels","Wifi, Ethernet",Smart TV,"2 Speakers, 20 w Output",α5 Gen5 AI Processor 4K Processor,178 ° Viewing Angle,"3 HDMI Ports, 3 USB Ports"
Infinix X3 50 inch Ultra HD 4K Smart LED TV (50X3),"₹24,999",67,"50 in, LED TV","4K Resolution, 3840 x 2160 pixels",Wifi,Smart TV,"2 Speakers, 24 w Output","1.5 GB RAM, 16 GB Storage",178 ° Viewing Angle,"3 HDMI Ports, 2 USB Ports"
Hisense 55A7H 55 inch Ultra HD 4K Smart LED TV,"₹34,990",74,"55 in, LED TV","4K Resolution, 3840 x 2160 pixels","Wifi, Ethernet",Smart TV,"6 Speakers, 102 w Output","2 GB RAM, 16 GB Storage",178 ° Viewing Angle,"3 HDMI Ports, 2 USB Ports"
Blaupunkt 50QD7010 50 Inch 4K Ultra HD QLED Smart TV,"₹35,999",71,"50 in, QLED TV","4K Resolution, 3840 x 2160 pixels",Wifi,Smart TV,"4 Speakers, 60 w Output",16 GB Storage,178 ° Viewing Angle,"3 HDMI Ports, 2 USB Ports"
Acer AR50AR2851UDPRO 50 inch Ultra HD 4K Smart LED TV,"₹30,999",74,"50 in, LED TV","4K Resolution, 3840 x 2160 pixels","Wifi, Ethernet",Smart TV,"2 Speakers, 60 w Output","2 GB RAM, 16 GB Storage",178 ° Viewing Angle,"3 HDMI Ports, 2 USB Ports"
Kodak 50MT5011 50-inch Ultra HD 4K Smart LED TV,"₹29,999",65,"50 in, QLED TV","4K Resolution, 3840 x 2160 pixels",Wifi,Smart TV,"2 Speakers, 40 w Output",16 GB Storage,178 ° Viewing Angle,"3 HDMI Ports, 2 USB Ports"
LG 50UQ8040PSB 50 Inch Ultra HD 4K Smart LED TV,"₹54,490",68,"50 in, LED TV","4K Resolution, 3840 x 2160 pixels","Wifi, Ethernet",Smart TV,"2 Speakers, 20 w Output",178 ° Viewing Angle,"4 HDMI Ports, 3 USB Ports",Screen Mirroring / Miracast Support
LG 65UQ8040PSB 65 Inch Ultra HD 4K Smart LED TV,"₹84,590",71,"65 in, LED TV","4K Resolution, 3840 x 2160 pixels","Wifi, Ethernet",Smart TV,"2 Speakers, 20 w Output",178 ° Viewing Angle,"3 HDMI Ports, 2 USB Ports",Supports Apps & Games
Panasonic TH-40LS670DX 40-inch Full HD Smart LED TV,"₹31,599",51,"40 in, LED TV","Full HD, 1920 x 1080 pixels",Wifi,Smart TV,16 w Output,"1.5 GB RAM, 8 GB Storage","2 HDMI Ports, 2 USB Ports",Supports Apps & Games
Thomson Q55H1001 55 inch Ultra HD 4K Smart LED TV,"₹37,999",73,"55 in, LED TV","4K Resolution, 3840 x 2160 pixels","Wifi, Ethernet",Smart TV,"2 Speakers, 40 w Output","1 GB RAM, 16 GB Storage",178 ° Viewing Angle,"3 HDMI Ports, 2 USB Ports"
LG A2 55 inch Ultra HD 4K Smart OLED TV  (OLED55A2PSA),"₹1,04,990",76,"55 in, OLED TV","4K Resolution, 3840 x 2160 pixels","Wifi, Ethernet",Smart TV,"2 Speakers, 20 w Output","Alpha7 Gen 5 AI Processor 4K Processor, 2 GB RAM, 8 GB Storage",178 ° Viewing Angle,"3 HDMI Ports, 2 USB Ports"
LG UQ7500 65 inch Ultra HD 4K Smart LED TV (65UQ7500PSF),"₹79,990",73,"65 in, LED TV","4K Resolution, 3840 x 2160 pixels","Wifi, Ethernet",Smart TV,"2 Speakers, 20 w Output","Gen5 AI Processor 4K Processor, 1.5 GB RAM, 8 GB Storage",178 ° Viewing Angle,"3 HDMI Ports, 1 USB Ports"
LG C2X OLED65C2XSA 65 inch Ultra HD 4K Smart OLED TV,"₹2,12,990",83,"65 in, OLED TV","4K Resolution, 3840 x 2160 pixels","Wifi, Ethernet",Smart TV,"2 Speakers, 20 w Output",178 ° Viewing Angle,"4 HDMI Ports, 3 USB Ports",Supports Apps & Games
Sansui JSW70ASUHDFF 70-inch Ultra HD 4K Smart LED TV,"₹64,999",72,"70 in, LED TV","4K Resolution, 3840 x 2160 pixels","Wifi, Ethernet",Smart TV,"2 Speakers, 2 w Output","2 GB RAM, 32 GB Storage",178 ° Viewing Angle,"3 HDMI Ports, 2 USB Ports"
Toshiba 50C350LP 50 inch Ultra HD 4K Smart LED TV,"₹29,990",69,"50 in, LED TV","4K Resolution, 3840 x 2160 pixels","Wifi, Ethernet",Smart TV,"2 Speakers, 24 w Output","MT9612IAATNC / 4 Processor, 2 GB RAM, 16 GB Storage",178 ° Viewing Angle,"3 HDMI Ports, 2 USB Ports"
Toshiba 65M550LP 65 inch Ultra HD 4K Smart LED TV,"₹64,990",75,"65 in, QLED TV","4K Resolution, 3840 x 2160 pixels","Wifi, Ethernet",Smart TV,"3 Speakers, 49 w Output","Quad Core Processor, 2 GB RAM, 16 GB Storage",178 ° Viewing Angle,"3 HDMI Ports, 2 USB Ports"
Coocaa 55Y72 Frameless Series 55-inch Ultra HD 4K Smart LED TV,"₹36,999",71,"55 in, LED TV","4K Resolution, 3840 x 2160 pixels","Wifi, Ethernet",Smart TV,"2 Speakers, 30 w Output","2 GB RAM, 16 GB Storage",178 ° Viewing Angle,"3 HDMI Ports, 2 USB Ports"
Xiaomi Mi TV ES Pro 65 inch Ultra HD 4K Smart LED TV,"₹55,490",77,"65 in, LED TV","4K Resolution, 3840 x 2160 pixels","Wifi, Ethernet",Smart TV,"2 Speakers, 25 w Output","A73 processor
 Processor, 3 GB RAM, 32 GB Storage",178 ° Viewing Angle,"3 HDMI Ports, 2 USB Ports"
TCL 55P735 55 Inch Ultra HD 4K Smart LED TV,"₹37,990",62,"55 in, LED TV","4K Resolution, 3840 x 2160 pixels",Wifi,Smart TV,"2 Speakers, 30 w Output",178 ° Viewing Angle,"3 HDMI Ports, 1 USB Ports",Screen Mirroring / Miracast Support
NVY NVA24BR1 24-inch HD Ready Smart LED TV,"₹5,990",48,"24 in, LED TV",1366 x 768 pixels,"Wifi, Ethernet",Smart TV,"2 Speakers, 20 w Output","1 GB RAM, 8 GB Storage",178 ° Viewing Angle,"2 HDMI Ports, 2 USB Ports"
LG A2 65 inch Ultra HD 4K Smart OLED TV (OLED65A2PSA),"₹1,54,990",73,"65 in, OLED TV","4K Resolution, 3840 x 2160 pixels","Wifi, Ethernet",Smart TV,"2 Speakers, 20 w Output",α7 Gen5 AI Processor 4K Processor,178 ° Viewing Angle,"3 HDMI Ports, 2 USB Ports"
Candy C32KA66 32 Inch HD Ready Smart LED TV,"₹8,990",53,"32 in, LED TV",1366 x 768 pixels,"Wifi, Ethernet",Smart TV,"2 Speakers, 20 w Output",32 GB Storage,178 ° Viewing Angle,"3 HDMI Ports, 2 USB Ports"
Samsung UA43AUE65AKXXL 43 Inch Ultra HD 4K Smart LED TV,"₹31,499",72,"43 in, LED TV","4K Resolution, 3840 x 2160 pixels","Wifi, Ethernet",Smart TV,"2 Speakers, 20 w Output","2 GB RAM, 16 GB Storage",178 ° Viewing Angle,"3 HDMI Ports, 2 USB Ports"
Samsung UA60BU8000KLXL 60 inch Ultra HD 4K Smart LED TV,"₹76,490",75,"60 in, LED TV","4K Resolution, 3840 x 2160 pixels","Wifi, Ethernet",Smart TV,"2 Speakers, 20 w Output",178 ° Viewing Angle,"3 HDMI Ports, 2 USB Ports",Screen Mirroring / Miracast Support
InnoQ Frameless IN43-FSBDLX 43 inch Full HD Smart LED TV,"₹14,490",51,"43 in, LED TV","Full HD, 1920 x 1080 pixels","Wifi, Ethernet",Smart TV,"2 Speakers, 24 w Output","Quad Core Processor, 8 GB Storage",178 ° Viewing Angle,"2 HDMI Ports, 2 USB Ports"
Samsung The Frame QA55LS03BAKLXL 55 inch Ultra HD 4K Smart QLED TV,"₹87,990",78,"55 in, QLED TV","4K Resolution, 3840 x 2160 pixels","Wifi, Ethernet",Smart TV,"4 Speakers, 40 w Output",Quantum Processor 4K  Processor,178 ° Viewing Angle,"4 HDMI Ports, 2 USB Ports"
Lloyd 55US850C 55 Inch Ultra HD 4K Smart LED TV,"₹51,990",70,"55 in, LED TV","4K Resolution, 3840 x 2160 pixels",Wifi,Smart TV,"2 Speakers, 20 w Output",178 ° Viewing Angle,"3 HDMI Ports, 2 USB Ports",3D TV: No
Hisense 43A4G 43 inch Full HD Smart LED TV,"₹22,990",53,"43 in, LED TV","Full HD, 1920 x 1080 pixels","Wifi, Ethernet",Smart TV,"2 Speakers, 20 w Output","CA55×4 @ 1.45GHz Processor, 1 GB RAM, 8 GB Storage",178 ° Viewing Angle,"2 HDMI Ports, 2 USB Ports"
Croma CREL050USA024601 50-Inch Ultra HD 4K Smart LED TV,"₹28,990",62,"50 in, LED TV","4K Resolution, 3840 x 2160 pixels","Wifi, Ethernet",Smart TV,"2 Speakers, 20 w Output",178 ° Viewing Angle,"2 HDMI Ports, 3 USB Ports",Screen Mirroring / Miracast Support
Dyanora DY-LD43F2S 43 inch Full HD Smart LED TV,"₹15,499",52,"43 in, LED TV","Full HD, 1920 x 1080 pixels",Wifi,Smart TV,"2 Speakers, 20 w Output","Quad Core Processor Processor, 1 GB RAM, 8 GB Storage",178 ° Viewing Angle,"2 HDMI Ports, 2 USB Ports"
Samsung QA55Q70BAKLXL 55 ich Ultra HD 4K Smart QLED TV,"₹99,990",75,"55 in, QLED TV","4K Resolution, 3840 x 2160 pixels","Wifi, Ethernet",Smart TV,"2 Speakers, 20 w Output",178 ° Viewing Angle,"4 HDMI Ports, 2 USB Ports",Screen Mirroring / Miracast Support
Motorola Revou 2 55 inch Ultra HD 4K Smart LED TV,"₹34,999",71,"55 in, LED TV","4K Resolution, 3840 x 2160 pixels","Wifi, Ethernet",Smart TV,"2 Speakers, 24 w Output","Quad core Processor, 2 GB RAM, 8 GB Storage",178 ° Viewing Angle,"3 HDMI Ports, 2 USB Ports"
Realme Smart TV X 43 inch Full HD Smart LED TV,"₹22,999",57,"43 in, LED TV","Full HD, 1920 x 1080 pixels","Wifi, Ethernet",Smart TV,"4 Speakers, 24 w Output","MediaTek Quad Core 6883 Processor, 1 GB RAM, 8 GB Storage",178 ° Viewing Angle,"3 HDMI Ports, 2 USB Ports"
Haier LE58K7700HQGA 58 Inch Ultra HD 4K Smart LED TV,"₹52,190",71,"58 in, LED TV","4K Resolution, 3840 x 2160 pixels","Wifi, Ethernet",Smart TV,20 w Output,178 ° Viewing Angle,"4 HDMI Ports, 2 USB Ports",Screen Mirroring / Miracast Support
Samsung UA65BU8570ULXL 65 inch 4K Ultra HD Smart LED TV,"₹98,000",74,"65 in, LED TV","4K Resolution, 3840 x 2160 pixels","Wifi, Ethernet",178 ° Viewing Angle,"3 HDMI Ports, 2 USB Ports",Screen Mirroring / Miracast Support,"50 Hz, 16:9 Ratio",
Samsung UA43BU8570ULXL 43 inch 4K Ultra HD Smart LED TV,"₹43,990",65,"43 in, LED TV","4K Resolution, 3840 x 2160 pixels","Wifi, Ethernet","2 Speakers, 20 w Output",178 ° Viewing Angle,"3 HDMI Ports, 2 USB Ports",Screen Mirroring / Miracast Support,"50 Hz, 16:9 Ratio"
Samsung QA43Q60BAKLXL 43 inch Ultra HD 4K Smart QLED TV,"₹51,700",71,"43 in, QLED TV","4K Resolution, 3840 x 2160 pixels","Wifi, Ethernet",Smart TV,"2 Speakers, 20 w Output",178 ° Viewing Angle,"3 HDMI Ports, 2 USB Ports",3D TV: No
Samsung QN95B 65 inch Ultra HD 4K Smart QLED TV (QA65QN95BAKLXL),"₹2,09,990",87,"65 in, QLED TV","4K Resolution, 3840 x 2160 pixels","Wifi, Ethernet",Smart TV,"4.2.2CH Speakers, 70 w Output",178 ° Viewing Angle,"4 HDMI Ports, 3 USB Ports",Screen Mirroring / Miracast Support
Croma CREL040FOF024601 40 Inch Full HD Smart LED TV,"₹17,490",50,"40 in, LED TV","Full HD, 1920 x 1080 pixels",Wifi,Smart TV,"2 Speakers, 20 w Output",178 ° Viewing Angle,"2 HDMI Ports, 2 USB Ports",3D TV: No
Beston BS43UW1 43 inch Ultra HD 4K Smart LED TV,"₹22,263",69,"43 in, LED TV","4K Resolution, 3840 x 2160 pixels","Wifi, Ethernet",Smart TV,"2 Speakers, 30 w Output","‎Mali G31 MP2 700MHz Processor, 1.5 GB RAM, 8 GB Storage",178 ° Viewing Angle,"2 HDMI Ports, 3 USB Ports"
Beston BS32HW1 32 inch HD Ready Smart LED TV,"₹9,999",52,"32 in, LED TV",1366 x 768 pixels,"Wifi, Ethernet",Smart TV,"‎Mali G31 MP2 700MHz Processor, 1.5 GB RAM, 8 GB Storage",178 ° Viewing Angle,"2 HDMI Ports, 3 USB Ports",Supports Apps & Games
Panasonic TH-55LX700DX 55 inch Ultra HD 4K LED Smart TV,"₹54,370",65,"54.72 in, LED TV","4K Resolution, 3840 x 2160 pixels",Wifi,Smart TV,"2 Speakers, 20 Output",178 ° Viewing Angle,"3 HDMI Ports, 2 USB Ports",Screen Mirroring / Miracast Support
Blaupunkt Cybersound 43CSA7121 43 Inch Full HD Smart LED TV,"₹16,999",57,"43 in, LED TV","Full HD, 1920 x 1080 pixels","Wifi, Ethernet",Smart TV,"2 Speakers, 40 w Output","ARM Cortex A53 - 1.4 GHz Processor, 1 GB RAM, 8 GB Storage",178 ° Viewing Angle,"3 HDMI Ports, 2 USB Ports"
Infinix X3 43 inch Full HD Smart LED TV,"₹17,999",55,"43 in, LED TV","Full HD, 1920 x 1080 pixels","Wifi, Ethernet",Smart TV,"4 Speakers, 36 w Output","Realtek RTD2841 Processor, 1 GB RAM, 8 GB Storage",178 ° Viewing Angle,"3 HDMI Ports, 2 USB Ports"
Vu 75QMP 75 inch Ultra HD 4K Smart QLED TV,"₹1,19,990",83,"75 in, LED TV","4K Resolution, 3840 x 2160 pixels","Wifi, Ethernet",Smart TV,"4.1 Speakers, 100 w Output","3 GB RAM, 16 GB Storage",178 ° Viewing Angle,"4 HDMI Ports, 2 USB Ports"
Samsung Crystal 75AU7700 75-inch Ultra HD 4K Smart LED TV,"₹1,59,990",74,"75 in, LED TV","4K Resolution, 3840 x 2160 pixels",Wifi,Smart TV,"2 Speakers, 20 w Output",178 ° Viewing Angle,"3 HDMI Ports, 1 USB Ports",3D TV: No
iFFALCON 32F65A 32 inch HD Ready LED Smart TV,"₹11,990",54,"32 in, LED TV",1366 x 768 pixels,"Wifi, Ethernet",Smart TV,"2 Speakers, 20 w Output","1 GB RAM, 8 GB Storage",178 ° Viewing Angle,"2 HDMI Ports, 2 USB Ports"
Akai AKLT32S-FL1Y9M 32 inch HD Ready Smart LED TV,"₹11,990",49,"32 in, LED TV",1366 x 768 pixels,"Wifi, Ethernet",Smart TV,"2 Speakers, 20 w Output","1 GB RAM, 8 GB Storage",178 ° Viewing Angle,"2 HDMI Ports, 2 USB Ports"
Coocaa 43S7G 43 inch Full HD Smart LED TV,"₹16,999",56,"42.52 in, LED TV","Full HD, 1920 x 1080 pixels","Wifi, Ethernet",Smart TV,"2 Speakers, 20 w Output","ARM A55 Quad Core, 1.5 GHz Processor, 1 GB RAM, 8 GB Storage",178 ° Viewing Angle,"2 HDMI Ports, 2 USB Ports"
Akai AKLT43U-F7VSW 43 inch Ultra HD 4K Smart LED TV,"₹22,999",70,"43 in, LED TV","4K Resolution, 3840 x 2160 pixels","Wifi, Ethernet",Smart TV,"2 Speakers, 20 w Output","1.5 GB RAM, 8 GB Storage",178 ° Viewing Angle,"3 HDMI Ports, 3 USB Ports"
Sony Bravia A80K 65 inch Ultra HD 4K Smart OLED TV (XR-65A80K),"₹2,37,490",83,"65 in, OLED TV","4K Resolution, 3840 x 2160 pixels",Wifi,Smart TV,Cognitive Processor XR Processor,178 ° Viewing Angle,"3 HDMI Ports, 2 USB Ports",Screen Mirroring / Miracast Support
iFFALCON 55U71 55 inch Ultra HD 4K Smart LED TV,"₹37,990",72,"55 in, LED TV","4K Resolution, 3840 x 2160 pixels","Wifi, Ethernet",Smart TV,"2 Speakers, 24 w Output","2 GB RAM, 16 GB Storage",178 ° Viewing Angle,"3 HDMI Ports, 1 USB Ports"
LG StanbyME 27 inch Wireless TV,"₹99,999",45,27 in,Wifi,Smart TV,178 ° Viewing Angle,"2 HDMI Ports, 2 USB Ports",3D TV: No,Screen Mirroring / Miracast Support,"16""9 Ratio"
Xiaomi Mi TV ES50 2022 50-inch Ultra HD 4K Smart LED TV,"₹29,999",72,"50 in, LED TV","4K Resolution, 3840 x 2160 pixels","Wifi, Ethernet",Smart TV,"2 Speakers, 23 w Output","Cortex A55 Processor, 2 GB RAM, 32 GB Storage",178 ° Viewing Angle,"3 HDMI Ports, 2 USB Ports"
Thomson 55OPMAX9055 55-inch Ultra HD 4K Smart LED TV,"₹28,999",68,"54.72 in, LED TV","4K Resolution, 3840 x 2160 pixels","Wifi, Ethernet",Smart TV,"2 Speakers, 40 w Output","A53 x 4-1.5 GHz Processor, 2 GB RAM, 8 GB Storage",178 ° Viewing Angle,"3 HDMI Ports, 2 USB Ports"
LG 32LM6360PTB 32-inch Full HD Smart LED TV,"₹27,990",52,"32 in, LED TV","Full HD, 1920 x 1080 pixels","Wifi, Ethernet",Smart TV,"2 Speakers, 20 w Output",Quad Core Processor,178 ° Viewing Angle,"3 HDMI Ports, 2 USB Ports"
Haier S8 LE65S8HQGA 65-inch Ultra HD 4K Smart LED TV,"₹94,990",69,65 in,"4K Resolution, 3840 x 2160 pixels","Wifi, Ethernet",Smart TV,"2 Speakers, 30 w Output",176 ° Viewing Angle,"4 HDMI Ports, 2 USB Ports",Screen Mirroring / Miracast Support
Skywall 32SWELS Pro 32-inch Full HD Smart LED TV,"₹7,499",47,"32 in, LED TV","Full HD, 1920 x 1080 pixels",Wifi,Smart TV,"2 Speakers, 30 w Output",178 ° Viewing Angle,"2 HDMI Ports, 2 USB Ports",3D TV: No
Nokia 55UHDAQNDT5Q 55-inch Ultra HD 4K Smart QLED TV,"₹54,999",75,"55 in, QLED TV","4K Resolution, 3840 x 2160 pixels",Wifi,Smart TV,"2 Speakers, 60 w Output","1.1 GHz Realtek Quad Core Processor Processor, 2 GB RAM, 16 GB Storage",178 ° Viewing Angle,"3 HDMI Ports, 2 USB Ports"
Sony Bravia XR-85Z9J 85-inch Ultra HD 8K Smart LED TV,"₹12,99,990",86,"85 in, LED TV","8K Resolution, 7680 x 4320 pixels","Wifi, Ethernet",Smart TV,"Mid Range x2, Tweeter x4, Subwoofer x4 Speakers",16 GB Storage,178 ° Viewing Angle,"4 HDMI Ports, 3 USB Ports"
Hisense 55U6G 55-inch Ultra HD 4K Smart QLED TV,"₹44,990",74,"55 in, QLED TV","4K Resolution, 3840 x 2160 pixels","Wifi, Ethernet",Smart TV,"2 Speakers, 24 w Output","A53 Processor, 2 GB RAM, 16 GB Storage","Ultra Slim, 178 ° Viewing Angle","3 HDMI Ports, 2 USB Ports"
LG NanoCell 43NANO75TPZ 43-inch Ultra HD 4K Smart LED TV,"₹44,990",70,"43 in, LED TV","4K Resolution, 3840 x 2160 pixels","Wifi, Ethernet",Smart TV,"2 Speakers, 20 w Output","Quad Core Processor, 8 GB Storage",178 ° Viewing Angle,"3 HDMI Ports, 2 USB Ports"
Sony Bravia X90J XR-65X90J 65-inch Ultra HD 4K Smart LED TV,"₹1,24,990",81,"65 in, LED TV","4K Resolution, 3840 x 2160 pixels","Wifi, Ethernet",Smart TV,"2 Speakers, 20 w Output",16 GB Storage,178 ° Viewing Angle,"4 HDMI Ports, 2 USB Ports"
Haier LE42A6500GA 42-inch Full HD Smart LED TV,"₹27,990",55,"42 in, LED TV","Full HD, 1920 x 1080 pixels","Wifi, Ethernet",Smart TV,"2 Speakers, 20 w Output",178 ° Viewing Angle,"3 HDMI Ports, 2 USB Ports",3D TV: No
Blaupunkt 32CSA7101 32-inch HD Ready Smart LED TV,"₹9,999",53,"32 in, LED TV",1366 x 768 pixels,"Wifi, Ethernet",Smart TV,"2 Speakers, 40 w Output","ARM Cortex-A53 Processor, 1 GB RAM, 8 GB Storage",178 ° Viewing Angle,"3 HDMI Ports, 2 USB Ports"
TCL 55C825 55-inch Ultra HD 4K Smart QLED TV,"₹69,999",80,"55 in, QLED TV","4K Resolution, 3840 x 2160 pixels","Wifi, Ethernet",Smart TV,"2 Speakers, 30 w Output","3 GB RAM, 32 GB Storage",178 ° Viewing Angle,"3 HDMI Ports, 2 USB Ports"
Samsung 43AU9070 43-inch Ultra HD 4K Smart LED TV,"₹43,999",70,"43 in, LED TV","4K Resolution, 3840 x 2160 pixels","Wifi, Ethernet",Smart TV,"2 Speakers, 20 w Output",178 ° Viewing Angle,"3 HDMI Ports, 2 USB Ports",3D TV: No
TCL C825 65-inch Ultra HD 4K Smart QLED TV,"₹89,999",75,"65 in, QLED TV","4K Resolution, 3840 x 2160 pixels","Wifi, Ethernet",Smart TV,"2 Speakers, 30 w Output",178 ° Viewing Angle,"3 HDMI Ports, 2 USB Ports",Supports Apps & Games
Samsung 55AU8000 55-inch Ultra HD 4K Smart LED TV,"₹57,990",73,"55 in, LED TV","4K Resolution, 3840 x 2160 pixels","Wifi, Ethernet",Smart TV,"2 Speakers, 20 w Output",178 ° Viewing Angle,"3 HDMI Ports, 2 USB Ports",3D TV: No
Samsung 55Q60AAK 55-inch Ultra HD 4K Smart QLED TV,"₹74,999",75,"55 in, QLED TV","4K Resolution, 3840 x 2160 pixels","Wifi, Ethernet",Smart TV,"2 Speakers, 20 w Output",178 ° Viewing Angle,"3 HDMI Ports, 2 USB Ports",3D TV: No
Samsung Crystal 70AU7700 70-inch Ultra HD 4K Smart LED TV,"₹1,05,990",75,"70 in, LED TV","4K Resolution, 3840 x 2160 pixels",Wifi,Smart TV,"2 Speakers, 20 w Output",178 ° Viewing Angle,"3 HDMI Ports, 1 USB Ports",3D TV: No
Samsung Crystal 50AU7500 50-inch Ultra HD 4K Smart LED TV,"₹48,849",68,"50 in, LED TV","4K Resolution, 3840 x 2160 pixels","Wifi, Ethernet",Smart TV,"2 Speakers, 20 w Output",178 ° Viewing Angle,"3 HDMI Ports, 1 USB Ports",3D TV: No
OnePlus U1S 65-inch Ultra HD 4K Smart LED TV,"₹61,999",73,"50 in, LED TV","4K Resolution, 3840 x 2160 pixels","Wifi, Ethernet",Smart TV,"4 Speakers, 30 w Output","2 GB RAM, 16 GB Storage",178 ° Viewing Angle,"3 HDMI Ports, 2 USB Ports"
Panasonic TH-55JX750DX 55-inch Ultra HD 4K Smart LED TV,"₹57,990",68,"55 in, LED TV","4K Resolution, 3840 x 2160 pixels","Wifi, Ethernet",Smart TV,"2 Speakers, 20 w Output",178 ° Viewing Angle,"3 HDMI Ports, 2 USB Ports",3D TV: No
Panasonic TH-43JX750DX 43-inch Ultra HD 4K Smart LED TV,"₹32,990",69,"43 in, LED TV","4K Resolution, 3840 x 2160 pixels","Wifi, Ethernet",Smart TV,"2 Speakers, 20 w Output",16 GB Storage,178 ° Viewing Angle,"3 HDMI Ports, 2 USB Ports"
Sony Bravia X80J KD-43X80J 43-inch Ultra HD 4K Smart LED TV,"₹54,000",71,"43 in, LED TV","4K Resolution, 3840 x 2160 pixels","Wifi, Ethernet",Smart TV,"2 Speakers, 20 w Output",4K HDR Processor X1 Processor,178 ° Viewing Angle,"4 HDMI Ports, 2 USB Ports"
VW VW32A 32-inch HD Ready LED TV,"₹6,499",36,"32 in, LED TV",1366 x 768 pixels,"2 Speakers, 20 w Output",178 ° Viewing Angle,"2 HDMI Ports, 2 USB Ports",3D TV: No,50 Hz,
VW VW24S 24-inch HD Ready Smart LED TV,"₹6,799",43,"24 in, LED TV",1366 x 768 pixels,Wifi,Smart TV,"2 Speakers, 20 w Output","Mali-400MP2 Processor, 512 MB RAM, 4 GB Storage",178 ° Viewing Angle,"1 HDMI Ports, 2 USB Ports"
Samsung QN90A 55-inch Ultra HD 4K Smart Neo QLED TV (QA55QN90AAKLXL),"₹1,40,160",79,"55 in, QLED TV","4K Resolution, 3840 x 2160 pixels","Wifi, Ethernet",Smart TV,"4 Speakers, 60 w Output",178 ° Viewing Angle,"4 HDMI Ports, 2 USB Ports",3D TV: No
Samsung QA50QN90AAKLXL 50-inch Ultra HD 4K Neo QLED TV,"₹84,890",73,"50 in, QLED TV","4K Resolution, 3840 x 2160 pixels","Wifi, Ethernet",Smart TV,"2 Speakers, 40 w Output",178 ° Viewing Angle,"4 HDMI Ports, 2 USB Ports",3D TV: No
Samsung QN900A 85-inch Ultra HD 8K Neo QLED TV,"₹12,49,990",87,"85 in, QLED TV","8K Resolution, 7680 x 4320 pixels","Wifi, Ethernet",Smart TV,"6 Speakers, 80 w Output",178 ° Viewing Angle,"4 HDMI Ports, 3 USB Ports",3D TV: No
VW VW24A 24-inch HD Ready LED TV,"₹5,299",32,"24 in, LED TV",1366 x 768 pixels,Smart TV: No,"2 Speakers, 20 w Output",178 ° Viewing Angle,"1 HDMI Ports, 2 USB Ports",3D TV: No,60 Hz
Foxsky 40FS 40-inch Full HD Smart LED TV,"₹12,999",54,"40 in, LED TV","Full HD, 1920 x 1080 pixels","Wifi, Ethernet",Smart TV,"2 Speakers, 30 w Output","Dual Core Processor, 1 GB RAM, 8 GB Storage",178 ° Viewing Angle,"2 HDMI Ports, 2 USB Ports"
TCL P725 55-inch Ultra HD 4K Smart LED TV,"₹39,990",72,"55 in, LED TV","4K Resolution, 3840 x 2160 pixels","Wifi, Ethernet",Smart TV,"2 Speakers, 24 w Output",64-bit A55×4 1.3GHz Processor,178 ° Viewing Angle,"3 HDMI Ports, 2 USB Ports"
TCL X12 85-inch Ultra HD 8K Smart Mini LED,"₹1,12,990",81,"75 in, QLED TV","8K Resolution, 7680 x 4320 pixels","Wifi, Ethernet",Smart TV,"4 Speakers, 25 w Output","Quad Core Processor, 16 GB Storage",178 ° Viewing Angle,"3 HDMI Ports, 2 USB Ports"
Thomson 43PATH2121 42-inch Full HD Smart LED TV,"₹17,999",56,"42 in, LED TV","Full HD, 1920 x 1080 pixels","Wifi, Ethernet",Smart TV,"2 Speakers, 30 w Output","ARM Cortex-A53 Processor, 1 GB RAM, 8 GB Storage",178 ° Viewing Angle,"3 HDMI Ports, 2 USB Ports"
iFFALCON by TCL 43K61 43-inch Ultra HD 4K Smart LED TV,"₹20,999",69,"43 in, LED TV","4K Resolution, 3840 x 2160 pixels","Wifi, Ethernet",Smart TV,"2 Speakers, 24 w Output","Amlogic 64bit A55 Processor, 2 GB RAM, 16 GB Storage",178 ° Viewing Angle,"2 HDMI Ports, 1 USB Ports"
Sanyo Kaizen Series XT-65UHD4S 65-inch Ultra HD 4K Smart LED TV,"₹39,999",76,"65 in, LED TV","4K Resolution, 3840 x 2160 pixels","Wifi, Ethernet",Smart TV,"2 Speakers, 20 w Output","Quad Core Processor, 2 GB RAM, 16 GB Storage",178 ° Viewing Angle,"3 HDMI Ports, 2 USB Ports"
Xiaomi Mi TV Lux 82-inch Ultra HD 4K Smart OLED TV,"₹1,08,990",83,"82 in, OLED TV","4K Resolution, 3840 x 2160 pixels","Wifi, Ethernet",Smart TV,"4 Speakers, 40 w Output","Cortex A73 MediaTek MT9650  Processor, 4 GB RAM, 64 GB Storage","Ultra Slim, 178 ° Viewing Angle","3 HDMI Ports, 2 USB Ports"
Realme TV 55-inch Ultra HD 4K Smart SLED TV,"₹38,999",58,"55 in, SLED TV","4K Resolution, 3840 x 2160 pixels","Wifi, Ethernet",Smart TV,"4 Speakers, 24 w Output",Quad Core Processor,178 ° Viewing Angle,"3 HDMI Ports, 2 USB Ports"
Haier LE43K6600UGA 43-inch Ultra HD 4K Smart LED TV,"₹33,990",66,"43 in, LED TV","4K Resolution, 3840 x 2160 pixels","Wifi, Ethernet",Smart TV,"2 Speakers, 20 w Output",178 ° Viewing Angle,"4 HDMI Ports, 2 USB Ports",3D TV: No
OnePlus 43Y1 43-inch Full HD Smart LED TV,"₹24,999",50,"43 in, LED TV","Full HD, 1920 x 1080 pixels","Wifi, Ethernet",Smart TV,"2 Speakers, 20 w Output",178 ° Viewing Angle,"2 HDMI Ports, 2 USB Ports",3D TV: No
Haier LE65K6600HQGA Ultra HD 4K Smart LED TV,"₹63,690",71,"65 in, LED TV","4K Resolution, 3840 x 2160 pixels","Wifi, Ethernet",Smart TV,"2 Speakers, 20 w Output",178 ° Viewing Angle,"4 HDMI Ports, 2 USB Ports",3D TV: No
Samsung 43T5310AK 43-inch Full HD Smart LED TV,"₹30,200",43,43 in,"Full HD, 1920 x 1080 pixels",Wifi,Smart TV,"2 Speakers, 20 w Output",178 ° Viewing Angle,"2 HDMI Ports, 1 USB Ports",3D TV: No
Vu Premium 65PM 65-inch Ultra HD 4K Smart LED TV,"₹50,999",75,"65 in, LED TV","4K Resolution, 3840 x 2160 pixels","Wifi, Ethernet",Smart TV,"2 Speakers, 30 w Output","Quad Core Processor, 2 GB RAM, 16 GB Storage",178 ° Viewing Angle,"3 HDMI Ports, 2 USB Ports"
Sony Bravia 32W6100 32-inches HD Ready Smart LED TV,"₹26,000",48,"32 in, LED TV",1366 x 768 pixels,"Wifi, Ethernet",Smart TV,"2 Speakers, 20 w Output",178 ° Viewing Angle,"2 HDMI Ports, 2 USB Ports",3D TV: No
TCL 50C715 50-inch Ultra HD 4K Smart QLED TV,"₹48,800",71,"50 in, QLED TV","4K Resolution, 3840 x 2160 pixels","Wifi, Ethernet",Smart TV,"2 Speakers, 20 w Output","ARM Cortex A55 Processor, 2 GB RAM, 16 GB Storage",178 ° Viewing Angle,"3 HDMI Ports, 2 USB Ports"
Xiaomi Redmi X65 65-inch Ultra HD 4K Smart LED TV,"₹59,999",74,"65 in, LED TV","4K Resolution, 3840 x 2160 pixels","Wifi, Ethernet",Smart TV,"2 Speakers, 30 w Output","MediaTek MT9611 Cortex-A55 Processor, 2 GB RAM, 16 GB Storage",178 ° Viewing Angle,"3 HDMI Ports, 2 USB Ports"
Realme TV 43-inch Full HD Smart LED TV,"₹21,999",57,"43 in, LED TV","Full HD, 1920 x 1080 pixels","Wifi, Ethernet",Smart TV,"4 Speakers, 24 w Output","MediaTek Quad core 6883 Processor, 1 GB RAM, 8 GB Storage",178 ° Viewing Angle,"3 HDMI Ports, 2 USB Ports"
Vu Premium 50PM 50-inch Ultra HD 4K Smart LED TV,"₹29,990",71,"50 in, LED TV","4K Resolution, 3840 x 2160 pixels","Wifi, Ethernet",Smart TV,"2 Speakers, 30 w Output","Quad Core Processor, 2 GB RAM, 16 GB Storage",178 ° Viewing Angle,"3 HDMI Ports, 2 USB Ports"
LG OLED75ZX 75-inch Ultra HD 4K Smart OLED TV,"₹5,00,990",66,"75 in, OLED TV","4K Resolution, 3840 x 2160 pixels","Wifi, Ethernet",Smart TV,Ultra Slim,3D TV: No,Screen Mirroring / Miracast Support,90 Hz
LG Signature Z9 OLED88Z9PLA 88-inch Ultra HD 8K Smart OLED TV,"₹21,22,990",92,"88 in, OLED TV","8K Resolution, 7680 x 4320 pixels","Wifi, Ethernet",Smart TV,"4 Speakers, 40 w Output","Quad Core Processor, 3 GB RAM, 8 GB Storage",178 ° Viewing Angle,"4 HDMI Ports, 3 USB Ports"
Foxsky 32FSN 32-inch HD LED TV,"₹7,999",31,"32 in, LED TV",1366 x 768 pixels,Smart TV: No,30 w Output,178 ° Viewing Angle,"2 HDMI Ports, 2 USB Ports","60 Hz, 16:9 Ratio",
Vu Ultra Android 32GA 32 inch HD Ready Smart LED TV,"₹13,990",50,"32 in, LED TV",1366 x 768 pixels,"Wifi, Ethernet",Smart TV,"2 Speakers, 20 w Output","Quad Core Processor, 1 GB RAM, 4 GB Storage","Ultra Slim, 178 ° Viewing Angle","3 HDMI Ports, 2 USB Ports"
LG 43LM5600PTC 43-inch Full HD Smart LED TV,"₹32,850",56,"43 in, LED TV","Full HD, 1920 x 1080 pixels","Wifi, Ethernet",Smart TV,"2 Speakers, 20 w Output","Quad Core Processor, 1 GB RAM, 4 GB Storage",178 ° Viewing Angle,"2 HDMI Ports, 1 USB Ports"
LG 32LM636BPTB 32-inch HD Ready Smart LED TV,"₹21,990",50,"32 in, LED TV",1366 x 768 pixels,"Wifi, Ethernet",Smart TV,"2 Speakers, 20 w Output",Quad Core Processor,178 ° Viewing Angle,"3 HDMI Ports, 2 USB Ports"
LG 43LM5760PTC 43-inch Full HD Smart LED TV,"₹34,500",53,"43 in, LED TV","Full HD, 1920 x 1080 pixels","Wifi, Ethernet",Smart TV,"2 Speakers, 20 w Output",Quad Core Processor,178 ° Viewing Angle,"2 HDMI Ports, 1 USB Ports"
Xiaomi Mi 4A PRO 32-inch HD Ready Smart LED TV,"₹14,999",49,"32 in, LED TV",1366 x 768 pixels,"Wifi, Ethernet",Smart TV,"2 Speakers, 20 w Output","Amlogic Cortex A53  Processor, 1 GB RAM, 8 GB Storage",178 ° Viewing Angle,"3 HDMI Ports, 2 USB Ports"
LG Signature 65-inch Ultra HD 4K OLED TV,"₹7,00,000",65,"65 in, OLED TV","4K Resolution, 3840 x 2160 pixels","Wifi, Ethernet",Smart TV,100 w Output,Alpha 9 Processor,Ultra Slim,3D TV: No
Detel DI19WLCD 19-inch HD Ready LCD TV,"₹3,999",20,"19 in, LED TV",1366 x 768 pixels,Smart TV: No,"2 Speakers, 12 w Output","1 HDMI Ports, 1 USB Ports",3D TV: No,,
Xiaomi Mi TV 4S 75-inch Ultra HD 4K Smart LED TV,"₹79,900",74,"75 in, LED TV","4K Resolution, 3840 x 2160 pixels","Wifi, Ethernet",Smart TV,"2 Speakers, 16 w Output","Amlogic Cortex-A53 Processor, 2 GB RAM, 8 GB Storage",178 ° Viewing Angle,"3 HDMI Ports, 2 USB Ports"
Beston BS50UW1 50 inch Ultra HD 4K Smart LED TV,"₹25,999",71,"50 in, LED TV","4K Resolution, 3840 x 2160 pixels","Wifi, Ethernet",Smart TV,"2 Speakers, 30 w Output","ARM CA-55 1.1GHz Processor, 1.5 GB RAM, 8 GB Storage",178 ° Viewing Angle,"3 HDMI Ports, 2 USB Ports"
VW VW32C2 32 inch HD Ready Smart LED TV,"₹7,999",46,"32 in, LED TV",1366 x 768 pixels,"Wifi, Ethernet",Smart TV,"2 Speakers, 20 w Output",Quad Core Processor,178 ° Viewing Angle,"2 HDMI Ports, 2 USB Ports"
TCL P635 75 inch Ultra HD 4K Smart LED TV (75P635),"₹99,990",79,"75 in, LED TV","4K Resolution, 3840 x 2160 pixels","Wifi, Ethernet",Smart TV,"2 Speakers, 24 w Output","2 GB RAM, 16 GB Storage",178 ° Viewing Angle,"3 HDMI Ports, 2 USB Ports"
Nextview NV2FH32SL9 32 inch Full HD Smart LED TV,"₹10,200",53,"32 in, LED TV","Full HD, 1920 x 1080 pixels","Wifi, Ethernet",Smart TV,"2 Speakers, 20 w Output","2 GB RAM, 16 GB Storage","2 HDMI Ports, 2 USB Ports",Supports Apps & Games
AmazonBasics Fire TV 32 inch HD Ready Smart LED TV (2023 Model),"₹12,799",51,"32 in, LED TV",1366 x 768 pixels,Wifi,Smart TV,"2 Speakers, 20 w Output","ARM Cortex-A35 Processor, 1.5 GB RAM, 8 GB Storage",178 ° Viewing Angle,"3 HDMI Ports, 1 USB Ports"
TCL 32S5400A 32 inch HD Ready Smart LED TV,"₹13,490",51,"32 in, LED TV",1366 x 768 pixels,"Wifi, Ethernet",Smart TV,"2 Speakers, 24 w Output",1 GB RAM,178 ° Viewing Angle,"2 HDMI Ports, 1 USB Ports"
LG QNED81 75 inch Ultra HD 4K Smart QNED TV (75QNED81SQA),"₹2,19,990",80,"75 in, LED TV","4K Resolution, 3840 x 2160 pixels","Wifi, Ethernet",Smart TV,"2 Speakers, 40 w Output",178 ° Viewing Angle,"4 HDMI Ports, 2 USB Ports",Supports Apps & Games
Wybor 43WFS -C9 43 inch Full HD Smart LED TV,"₹19,990",47,"43 in, LED TV","Full HD, 1920 x 1080 pixels","Wifi, Ethernet",Smart TV,"2 Speakers, 24 w Output","3 HDMI Ports, 2 USB Ports",Supports Apps & Games,"60 Hz, 16:9 Ratio"
SENS SENS32WCSHD 32 inch HD Ready Smart LED TV,"₹7,999",46,"32 in, LED TV",1366 x 768 pixels,"Wifi, Ethernet",Smart TV,"2 Speakers, 20 w Output",Mali G31 Processor,178 ° Viewing Angle,"3 HDMI Ports, 2 USB Ports"
Intex LED-SHF3265 32 inch HD Ready Smart LED TV,"₹10,999",44,"32 in, LED TV",1366 x 768 pixels,Wifi,Smart TV,"2 Speakers, 20 w Output",178 ° Viewing Angle,"2 HDMI Ports, 2 USB Ports",Supports Apps & Games
LG C2X 65 inch Ultra HD 4K Smart OLED TV (OLED65C2XSC),"₹1,74,990",81,"65 in, OLED TV","4K Resolution, 3840 x 2160 pixels","Wifi, Ethernet",Smart TV,"2 Speakers, 40 w Output","4 HDMI Ports, 3 USB Ports",Screen Mirroring / Miracast Support,120 Hz
SENS Dwinci 55 inch Ultra HD 4K Smart QLED TV (SENS55WGSQLED),"₹33,999",72,"55 in, QLED TV","4K Resolution, 3840 x 2160 pixels","Wifi, Ethernet",Smart TV,"2 Speakers, 20 w Output","Quad Core Processor, 2 GB RAM, 16 GB Storage",178 ° Viewing Angle,"3 HDMI Ports, 2 USB Ports"
BeethoSOL LEDSTVBG3285HD27-EK 32 inch HD Ready Smart LED TV,"₹7,299",43,"32 in, LED TV",1366 x 768 pixels,Wifi,Smart TV,"2 Speakers, 24 w Output","512 MB RAM, 4 GB Storage","1 HDMI Ports, 2 USB Ports",Supports Apps & Games
Toshiba 75C350LP 75 inch Ultra HD 4K Smart LED TV,"₹89,990",79,"75 in, LED TV","4K Resolution, 3840 x 2160 pixels","Wifi, Ethernet",Smart TV,"2 Speakers, 24 w Output","REGZA Engine 4K Processor, 2 GB RAM, 16 GB Storage",178 ° Viewing Angle,"3 HDMI Ports, 2 USB Ports"
BPL 32H-A1000 32 inch HD Ready LED TV,"₹14,686",36,"32 in, LED TV",1366 x 768 pixels,Smart TV: No,"2 Speakers, 16 w Output","3 HDMI Ports, 2 USB Ports","60 Hz, 16:9 Ratio",,
Gangnam Street LEDSMTGG3285HD27-EK 32 inch HD Ready Smart LED TV,"₹9,999",42,"32 in, LED TV",1366 x 768 pixels,Wifi,Smart TV,"2 Speakers, 24 w Output","2 HDMI Ports, 2 USB Ports",Supports Apps & Games,Screen Mirroring / Miracast Support
Hisense 65A7H Ultra HD 4K Smart LED TV,"₹59,990",79,"65 in, LED TV","4K Resolution, 3840 x 2160 pixels","Wifi, Ethernet",Smart TV,"3 Speakers, 61 w Output","2 GB RAM, 16 GB Storage","Ultra Slim, 178 ° Viewing Angle","3 HDMI Ports, 2 USB Ports"
TCL 32S5201 32 inch HD Ready Smart LED TV,"₹13,990",39,"32 in, LED TV",1366 x 768 pixels,Wifi,Smart TV,"2 Speakers, 16 w Output","2 HDMI Ports, 1 USB Ports","60 Hz, 16:9 Ratio",
VW Frameless VW43F1 43 inches Full HD Smart LED TV,"₹15,999",55,"43 in, LED TV","Full HD, 1920 x 1080 pixels","Wifi, Ethernet",Smart TV,"2 Speakers, 20 w Output","1 GB RAM, 8 GB Storage",178 ° Viewing Angle,"3 HDMI Ports, 2 USB Ports"
VW Frameless VW32AFL 32 inches HD Ready LED TV,"₹7,499",32,"32 in, LED TV",1366 x 768 pixels,"2 Speakers, 20 w Output",178 ° Viewing Angle,"2 HDMI Ports, 2 USB Ports","60 Hz, 16:9 Ratio",,
LeTV Super TV G70S 70 inch Ultra HD 4K Smart LED TV,"₹29,990",73,"70 in, LED TV","4K Resolution, 3840 x 2160 pixels","Wifi, Ethernet",Smart TV,"2 Speakers, 20 w Output","dual-core A72 and dual-core A53 Chips Processor, 3 GB RAM, 32 GB Storage",178 ° Viewing Angle,"2 HDMI Ports, 2 USB Ports"
Sansui JSW65ASUHDFF 65 inch Ultra HD 4K Smart LED TV,"₹55,999",71,"65 in, LED TV","4K Resolution, 3840 x 2160 pixels","Wifi, Ethernet",Smart TV,"2 Speakers, 2 w Output","2 GB RAM, 8 GB Storage",178 ° Viewing Angle,"3 HDMI Ports, 2 USB Ports"
Acer P Series AR40AR2841FDFL 40 inch Full HD Smart LED TV,"₹18,999",56,"40 in, LED TV","Full HD, 1920 x 1080 pixels","Wifi, Ethernet",Smart TV,"2 Speakers, 24 w Output","1.5 GB RAM, 8 GB Storage",178 ° Viewing Angle,"2 HDMI Ports, 2 USB Ports"
Intex SH4033 40 inch HD Ready Smart LED TV,"₹16,999",50,"40 in, LED TV",1366 x 768 pixels,"Wifi, Ethernet",Smart TV,"2 Speakers, 20 w Output","1 GB RAM, 8 GB Storage",178 ° Viewing Angle,"2 HDMI Ports, 2 USB Ports"
Intex WOS4304U 43-inch Ultra HD 4K Smart LED TV,"₹25,999",66,"43 in, LED TV","4K Resolution, 3840 x 2160 pixels",Wifi,Smart TV,"2 Speakers, 20 w Output","Mali-G31 MP2 700 MHz Processor, 1.5 GB RAM, 8 GB Storage",178 ° Viewing Angle,"3 HDMI Ports, 2 USB Ports"
XElectron 32XE-11 32 inch HD Ready Smart LED TV,"₹8,999",51,"32 in, LED TV",1366 x 768 pixels,"Wifi, Ethernet",Smart TV,"2 Speakers, 20 w Output","Quad Core Processor, 2 GB RAM, 16 GB Storage",178 ° Viewing Angle,"2 HDMI Ports, 2 USB Ports"
Dyanora DY-LD43F1S 43 inch Full HD Smart LED TV,"₹13,999",50,"43 in, LED TV","Full HD, 1920 x 1080 pixels","Wifi, Ethernet",Smart TV,"2 Speakers, 40 w Output","Quad Core Processor-A35 x 4 Processor, 512 MB RAM, 4 GB Storage",178 ° Viewing Angle,"2 HDMI Ports, 2 USB Ports"
NDGO N-32FL4K 32 inch Ultra HD 4K Smart LED TV,"₹15,499",58,"31.5 in, LED TV","4K Resolution, 3840 x 2160 pixels","Wifi, Ethernet",Smart TV,"2 Speakers, 20 w Output",178 ° Viewing Angle,"3 HDMI Ports, 2 USB Ports",Screen Mirroring / Miracast Support
iFFALCON by TCL iFF65U62 65 inch Ultra HD 4K Smart LED TV,"₹55,999",68,"65 in, LED TV","4K Resolution, 3840 x 2160 pixels",Wifi,Smart TV,"2 Speakers, 24 w Output",2 GB RAM,178 ° Viewing Angle,"3 HDMI Ports, 1 USB Ports"
Panasonic TH-55LX710DX 55 inch Ultra HD 4K Smart LED TV,"₹51,000",63,"55 in, LED TV","4K Resolution, 3840 x 2160 pixels","Wifi, Ethernet",Smart TV,"2 Speakers, 20 w Output","3 HDMI Ports, 2 USB Ports",60 Hz,
LG 70UQ8040PSB 70 Inches Ultra HD 4K Smart LED TV,"₹97,990",64,"70 in, LED TV","4K Resolution, 3840 x 2160 pixels","Wifi, Ethernet",Smart TV,"2 Speakers, 20 w Output",α5 Gen5 AI Processor  Processor,178 ° Viewing Angle,"60 Hz, 16:9 Ratio"
HiSense A7H 55 Inch Ultra HD 4K Smart LED TV,"₹43,990",68,"55 in, LED TV","4K Resolution, 3840 x 2160 pixels","Wifi, Ethernet",Smart TV,"6 Speakers, 102 w Output","2 GB RAM, 16 GB Storage",178 ° Viewing Angle,2 USB Ports
LG 55NANO80SQA 55 inch Ultra HD 4K Smart LED TV,"₹61,990",67,"55 in, LED TV","4K Resolution, 3840 x 2160 pixels","Wifi, Ethernet",Smart TV,"2 Speakers, 20 w Output",178 ° Viewing Angle,"4 HDMI Ports, 2 USB Ports",Screen Mirroring / Miracast Support
Samsung UA32T4600AKXXL 32 Inch HD Ready Smart LED TV,"₹23,490",41,"32 in, LED TV",366 x 768 pixels,"Wifi, Ethernet",Smart TV,"2 Speakers, 20 w Output",178 ° Viewing Angle,"2 HDMI Ports, 1 USB Ports",Screen Mirroring / Miracast Support
Samsung 75BU8000K 75 inch Ultra HD 4K Smart LED TV,"₹1,39,990",63,"74.41 in, LED TV","4K Resolution, 840 x 2160 pixels",Wifi,Smart TV,"2 Speakers, 20 w Output",178 ° Viewing Angle,"3 HDMI Ports, 2 USB Ports",Screen Mirroring / Miracast Support
LG OLED48C2PSA 48 inch Ultra HD 4K OLED Smart TV,"₹1,03,890",77,"48 in, LED TV","4K Resolution, 3840 x 2160 pixels","Wifi, Ethernet",Smart TV,"2 Speakers, 20 w Output",178 ° Viewing Angle,"4 HDMI Ports, 3 USB Ports",Screen Mirroring / Miracast Support
LG 65UQ9000PSD 65 Inch Ultra HD 4K Smart LED TV,"₹88,350",73,"65 in, LED TV","4K Resolution, 3840 x 2160 pixels","Wifi, Ethernet",Smart TV,"2 Speakers, 20 w Output",178 ° Viewing Angle,"3 HDMI Ports, 2 USB Ports",Supports Apps & Games
Croma Fire TV EL7366 43 Inch Ultra HD 4K LED Smart TV,"₹28,990",69,"43 in, LED TV","4K Resolution, 3840 x 2160 pixels","Wifi, Ethernet",Smart TV,"2 Speakers, 20 w Output","1.5 GB RAM, 8 GB Storage",178 ° Viewing Angle,"3 HDMI Ports, 2 USB Ports"
Croma Fire TV EL7368 55 Inch Ultra HD 4K LED Smart TV,"₹37,990",70,"55 in, LED TV","4K Resolution, 3840 x 2160 pixels","Wifi, Ethernet",Smart TV,"2 Speakers, 20 w Output",8 GB Storage,178 ° Viewing Angle,"3 HDMI Ports, 2 USB Ports"
Acer 50UHD H Series 50 inch Ultra HD 4K Smart LED TV,"₹34,999",74,"50 in, LED TV","4K Resolution, 3840 x 2160 pixels","Wifi, Ethernet",Smart TV,"2 Speakers, 60 w Output","2 GB RAM, 16 GB Storage",178 ° Viewing Angle,"3 HDMI Ports, 2 USB Ports"
Acer 32HD S Series 32 inch HD Ready Smart LED TV,"₹14,999",54,"32 in, LED TV",1399 x 768 pixels,"Wifi, Ethernet",Smart TV,"2 Speakers, 40 w Output","1.5 GB RAM, 8 GB Storage",178 ° Viewing Angle,"3 HDMI Ports, 2 USB Ports"
Motorola Revou 2 43UHDADMVVGE 43 inch Ultra HD 4K Smart LED TV (Sound by boAt),"₹22,999",70,"43 in, LED TV","4K Resolution, 3840 x 2160 pixels","Wifi, Ethernet",Smart TV,"2 Speakers, 24 w Output","2 GB RAM, 8 GB Storage",178 ° Viewing Angle,"3 HDMI Ports, 2 USB Ports"
LG UQ75 65 inch Ultra HD 4K Smart LED TV (65UQ7550PSF),"₹87,990",69,"65 in, LED TV","4K Resolution, 3840 x 2160 pixels","Wifi, Ethernet",Smart TV,"2 Speakers, 20 w Output",α5 Gen5 AI Processor 4K Processor,178 ° Viewing Angle,3 HDMI Ports
Thomson Q50H1000 50 inch Ultra HD 4K Smart LED TV,"₹30,999",72,"50 in, LED TV","4K Resolution, 3840 x 2160 pixels","Wifi, Ethernet",Smart TV,"2 Speakers, 40 w Output","1 GB RAM, 16 GB Storage",178 ° Viewing Angle,"3 HDMI Ports, 2 USB Ports"
LG NANO73 55 inch Ultra HD 4K Smart LED TV (55NANO73SQA),"₹58,990",76,"54.72 in, LED TV","4K Resolution, 3840 x 2160 pixels","Wifi, Ethernet",Smart TV,"2 Speakers, 20 w Output","1.5 GB RAM, 8 GB Storage",178 ° Viewing Angle,"3 HDMI Ports, 2 USB Ports"
LG NANO73 43 inch Ultra HD 4K Smart LED TV (43NANO73SQA),"₹39,990",71,"43 in, LED TV","4K Resolution, 3840 x 2160 pixels","Wifi, Ethernet",Smart TV,"2 Speakers, 20 w Output","1.5 GB RAM, 8 GB Storage",178 ° Viewing Angle,"3 HDMI Ports, 2 USB Ports"
iFFALCON 40F53 40 inch Full HD Smart LED TV,"₹15,999",48,"40 in, LED TV","Full HD, 1920 x 1080 pixels","Wifi, Ethernet",Smart TV,"2 Speakers, 20 w Output","CA55 x 4 Processor, 1 GB RAM",178 ° Viewing Angle,"2 HDMI Ports, 1 USB Ports"
Cellecor 32CS 32 inch Full HD Smart LED TV,"₹10,999",43,"32 in, LED TV",1366 x 768 pixels,"Wifi, Ethernet",Smart TV,"2 Speakers, 20 w Output",178 ° Viewing Angle,"2 HDMI Ports, 2 USB Ports",Screen Mirroring / Miracast Support
LG C2 OLED83C2PSA 83 inch Ultra HD 4K OLED Smart TV,"₹6,99,990",88,"83 in, OLED TV","4K Resolution, 3840 x 2160 pixels","Wifi, Ethernet",Smart TV,"2 Speakers, 20 w Output",178 ° Viewing Angle,"4 HDMI Ports, 3 USB Ports",Screen Mirroring / Miracast Support
Cellecor 40CS 40-inch Full HD Smart LED TV,"₹17,999",46,"40 in, LED TV","Full HD, 1920 x 1080 pixels",Wifi,Smart TV,"2 Speakers, 20 w Output",178 ° Viewing Angle,"2 HDMI Ports, 2 USB Ports",Supports Apps & Games
LG OLED55C2XSC 55 inch Ultra HD 4K OLED Smart TV,"₹1,36,490",80,"55 in, OLED TV","4K Resolution, 3840 x 2160 pixels","Wifi, Ethernet",Smart TV,"2 Speakers, 20 w Output",178 ° Viewing Angle,"4 HDMI Ports, 3 USB Ports",Supports Apps & Games
Panasonic TH-32LS550DX 32 inch HD Ready Smart LED TV,"₹15,340",44,"32 in, LED TV",1366 x 768 pixels,"Wifi, Ethernet",Smart TV,"2 Speakers, 20 w Output",178 ° Viewing Angle,"2 HDMI Ports, 2 USB Ports",Screen Mirroring / Miracast Support
LG OLED48A2PSA 48-inch Ultra HD 4K Smart OLED TV,"₹75,990",73,"48 in, OLED TV","4K Resolution, 3840 x 2160 pixels","Wifi, Ethernet",Smart TV,"2 Speakers, 20 w Output","Alpha7 Gen 5 AI Processor 4K Processor, 2 GB RAM, 8 GB Storage",178 ° Viewing Angle,"3 HDMI Ports, 2 USB Ports"
Sony Bravia A80K 77 inch Ultra HD 4K Smart OLED TV (XR-77A80K),"₹4,55,990",55,"77 in, OLED TV","4K Resolution, 3480 x 2160 pixels",178 ° Viewing Angle,"120 Hz, 16:9 Ratio",,,,
Hisense A6H 75 inch Ultra HD 4K Smart LED TV (75A6H),"₹1,04,990",70,"75 in, LED TV","4K Resolution, 3840 x 2160 pixels","Wifi, Ethernet",Smart TV,"2 Speakers, 36 w Output",178 ° Viewing Angle,"3 HDMI Ports, 2 USB Ports",Screen Mirroring / Miracast Support
Coocaa 43Y72 Frameless Series 43-inch Ultra HD 4K Smart LED TV,"₹22,999",69,"43 in, LED TV","4K Resolution, 3840 x 2160 pixels","Wifi, Ethernet",Smart TV,"2 Speakers, 30 w Output","2 GB RAM, 16 GB Storage",178 ° Viewing Angle,"3 HDMI Ports, 2 USB Ports"
Panasonic TH-32LS560DX 32 Inch Full HD Smart LED TV,"₹16,900",46,"32 in, LED TV","Full HD, 1920 x 1080 pixels",Wifi,Smart TV,"2 Speakers, 20 w Output",178 ° Viewing Angle,"2 HDMI Ports, 2 USB Ports",Screen Mirroring / Miracast Support
Xiaomi Mi TV ES Pro 55 inch Ultra HD 4K Smart LED TV,"₹44,990",76,"55 in, LED TV","4K Resolution, 3840 x 2160 pixels","Wifi, Ethernet",Smart TV,"2 Speakers, 25 w Output","A73 processor Processor, 3 GB RAM, 32 GB Storage",178 ° Viewing Angle,"3 HDMI Ports, 2 USB Ports"
TCL 65C835 65 Inch 4K Ultra HD QLED Smart TV,"₹1,39,990",79,"65 in, LED TV","4K Resolution, 3840 x 2160 pixels","Wifi, Ethernet",Smart TV,"2.1 Channel Speakers, 60 w Output",178 ° Viewing Angle,"4 HDMI Ports, 2 USB Ports",Screen Mirroring / Miracast Support
TCL 75C635 75 inch Ultra HD 4K Smart QLED TV,"₹1,49,990",73,"75 in, LED TV","4K Resolution, 3480 x 2160 pixels","Wifi, Ethernet",Smart TV,"2 Speakers, 30 w Output",178 ° Viewing Angle,"3 HDMI Ports, 2 USB Ports",Supports Apps & Games
TCL 50C635 50 Inch 4K Ultra HD Smart QLED TV,"₹45,990",69,"50 in, QLED TV","4K Resolution, 3840 x 2160 pixels","Wifi, Ethernet",Smart TV,"2 Speakers, 30 w Output",178 ° Viewing Angle,"3 HDMI Ports, 2 USB Ports",3D TV: No
NVY NVA32SFR1 32-inch HD Ready Smart LED TV,"₹9,990",49,"32 in, LED TV",1366 x 768 pixels,"Wifi, Ethernet",Smart TV,"2 Speakers, 20 w Output","1 GB RAM, 8 GB Storage",178 ° Viewing Angle,"2 HDMI Ports, 2 USB Ports"
LG 55UQ7500PSF 55-inch Ultra HD 4K Smart LED TV,"₹48,490",67,"55 in, LED TV","4K Resolution, 3840 x 2160 pixels",Wifi,Smart TV,"2 Speakers, 20 w Output","Gen5 AI Processor 4K Processor, 1.5 GB RAM, 8 GB Storage",178 ° Viewing Angle,"3 HDMI Ports, 1 USB Ports"
Coocaa 40S3U Pro 43 inch Full HD Smart LED TV,"₹15,499",53,"40 in, LED TV","Full HD, 1920 x 1080 pixels","Wifi, Ethernet",Smart TV,"2 Speakers, 30 w Output","Quad Core Processor-A35 x 4 Processor, 512 MB RAM, 4 GB Storage",178 ° Viewing Angle,"2 HDMI Ports, 1 USB Ports"
Vu Premium 43GA 43 inch Full HD Smart LED TV,"₹17,999",49,"43 in, LED TV","Full HD, 1920 x 1080 pixels","Wifi, Ethernet",Smart TV,"2 Speakers, 20 w Output",Quad Core Processor Processor,178 ° Viewing Angle,"2 HDMI Ports, 2 USB Ports"
Croma CREL043FOE024601 43 Inch Full HD Smart LED TV,"₹23,990",55,"43 in, LED TV","Full HD, 1920 x 1080 pixels","Wifi, Ethernet",Smart TV,"2 Speakers, 20 w Output","1 GB RAM, 8 GB Storage",178 ° Viewing Angle,"2 HDMI Ports, 2 USB Ports"
TCL 40S5205 40 inch Full HD Smart LED TV,"₹18,889",51,"43 in, LED TV","Full HD, 1920 x 1080 pixels","Wifi, Ethernet",Smart TV,"2 Speakers, 20 w Output",178 ° Viewing Angle,"2 HDMI Ports, 1 USB Ports",Screen Mirroring / Miracast Support
Vu Masterpiece Glo Series 65QMP 65 inch Ultra HD 4K Smart QLED TV,"₹1,04,990",83,"64.57 in, QLED TV","4K Resolution, 3840 x 2160 pixels","Wifi, Ethernet",Smart TV,"4 Speakers, 100 w Output","3 GB RAM, 16 GB Storage",178 ° Viewing Angle,"4 HDMI Ports, 2 USB Ports"
Toshiba 43V35KP 43 inch Full HD Smart TV,"₹21,990",55,"43 in, LED TV","Full HD, 1920 x 1080 pixels","Wifi, Ethernet",Smart TV,"2 Speakers, 20 w Output","1 GB RAM, 8 GB Storage",178 ° Viewing Angle,"2 HDMI Ports, 2 USB Ports"
Samsung The Frame QA50LS03BAKLXL 50-inch Ultra HD 4K Smart QLED TV,"₹67,990",70,"50 in, QLED TV","4K Resolution, 3840 x 2160 pixels","Wifi, Ethernet",Smart TV,"2 Speakers, 20 w Output","Quantum Processor 4K
 Processor",178 ° Viewing Angle,"4 HDMI Ports, 2 USB Ports"
Sony  KD-32W820K 32 inch HD Ready LED Smart TV,"₹24,990",48,"32 in, LED TV",1366 x 768 pixels,"Wifi, Ethernet",Smart TV,"2 Speakers, 20 w Output",X-Reality Pro Processor,178 ° Viewing Angle,"3 HDMI Ports, 2 USB Ports"
Dyanora DY-LD43F3S 43-Inch Full HD Smart LED TV,"₹14,999",52,"43 in, LED TV","Full HD, 1920 x 1080 pixels",Wifi,Smart TV,"2 Speakers, 20 w Output","Quad-Core Processor Processor, 1 GB RAM, 8 GB Storage",178 ° Viewing Angle,"2 HDMI Ports, 2 USB Ports"
Hyundai ATHY32HDB18W 32 inch HD Ready LED TV,"₹9,990",34,"32 in, LED TV",1366 x 768 pixels,Smart TV: No,"2 Speakers, 16 w Output",178 ° Viewing Angle,"2 HDMI Ports, 2 USB Ports","60 Hz, 16:09 Ratio",
Hyundai SMTHY32HDB52YW 32 inch HD Ready Smart LED TV,"₹11,990",49,"32 in, LED TV",1366 x 768 pixels,"Wifi, Ethernet",Smart TV,"2 Speakers, 16 w Output","A53 1.5 GHz Quad Core Processor, 1 GB RAM, 8 GB Storage",178 ° Viewing Angle,"2 HDMI Ports, 2 USB Ports"
Hyundai UHDHY43WSR4BYI5 43 inch Ultra HD 4K Smart LED TV,"₹23,999",69,"43 in, LED TV","4K Resolution, 3840 x 2160 pixels","Wifi, Ethernet",Smart TV,"2 Speakers, 16 w Output","ARM CA55 1.1 GHz Quad Core Processor, 1.5 GB RAM, 8 GB Storage",178 ° Viewing Angle,"3 HDMI Ports, 2 USB Ports"
iAir IR4300S1HD 43 Inch Full HD Smart LED TV,"₹27,499",55,"43 in, LED TV","Full HD, 1920 x 1080 pixels","Wifi, Ethernet",Smart TV,"2 Speakers, 20 w Output","1 GB RAM, 8 GB Storage",178 ° Viewing Angle,"3 HDMI Ports, 2 USB Ports"
Nokia 32HDADNVVEE 32 inch HD Ready Smart LED TV,"₹13,999",47,"32 in, LED TV",1366 x 768 pixels,Wifi,Smart TV,"2 Speakers, 24 w Output","Quad core Processor, 1 GB RAM, 8 GB Storage",178 ° Viewing Angle,"2 HDMI Ports, 2 USB Ports"
Samsung The Frame QA43LS03BAKLXL 43 inch Ultra HD 4K Smart QLED TV,"₹54,990",71,"43 in, QLED TV","4K Resolution, 3840 x 2160 pixels",Wifi,Smart TV,"2 Speakers, 20 w Output",178 ° Viewing Angle,"4 HDMI Ports, 2 USB Ports",3D TV: No
Motorola Revou 2 40FHDADMVVEE 40 inch Full HD Smart LED TV,"₹18,999",56,"40 in, LED TV","Full HD, 1920 x 1080 pixels",Wifi,Smart TV,"2 Speakers, 24 w Output","Quad core Processor, 2 GB RAM, 8 GB Storage",178 ° Viewing Angle,"2 HDMI Ports, 2 USB Ports"
Motorola Revou 2 32HDADMVVEE 32 inch HD Ready Smart LED TV,"₹13,999",49,"32 in, LED TV",1366 x 768 pixels,Wifi,Smart TV,"2 Speakers, 24 w Output","Quad core Processor, 2 GB RAM, 8 GB Storage",178 ° Viewing Angle,"2 HDMI Ports, 2 USB Ports"
Motorola Revou 2 43UHDADMVVGE 43 inch Ultra HD 4K Smart LED TV,"₹24,999",70,"43 in, LED TV","4K Resolution, 3840 x 2160 pixels","Wifi, Ethernet",Smart TV,"2 Speakers, 24 w Output","Quad core Processor, 2 GB RAM, 8 GB Storage",178 ° Viewing Angle,"3 HDMI Ports, 2 USB Ports"
Xiaomi OLED Vision 55-inch Ultra HD 4K Smart OLED TV,"₹99,999",80,"55 in, OLED TV","4K Resolution, 3840 x 2160 pixels","Wifi, Ethernet",Smart TV,"8 Speakers, 30 w Output","Cortex A73 64-bit Quad Core Processor, 3 GB RAM, 32 GB Storage",178 ° Viewing Angle,"3 HDMI Ports, 2 USB Ports"
Samsung QA85Q60BAKXXL 85 inch Ultra HD 4K Smart QLED TV,"₹5,59,900",83,"85 in, QLED TV","4K Resolution, 3840 x 2160 pixels","Wifi, Ethernet",Smart TV,"2 Speakers, 20 w Output",178 ° Viewing Angle,"3 HDMI Ports, 2 USB Ports",3D TV: No
Samsung QA75QN90BAKXXL 75 inch Ultra HD 4K Smart QLED TV 82,"₹4,25,990",83,"75 in, QLED TV","4K Resolution, 3840 x 2160 pixels","Wifi, Ethernet",Smart TV,"4.2.2 Speakers, 60 w Output",178 ° Viewing Angle,"4 HDMI Ports, 2 USB Ports",Screen Mirroring / Miracast Support
Samsung QA50Q60BAKLXL 50 inch Ultra HD 4K Smart QLED TV,"₹67,990",73,"50 in, QLED TV","4K Resolution, 3840 x 2160 pixels","Wifi, Ethernet",Smart TV,"2 Speakers, 20 w Output",178 ° Viewing Angle,"3 HDMI Ports, 2 USB Ports",3D TV: No
Samsung QA85QN900BKXXL 85 inch Ultra HD 8K Smart QLED TV,"₹12,54,990",96,"85 in, QLED TV","8K Resolution, 7680 x 4320 pixels","Wifi, Ethernet",Smart TV,"6.2.4CH Speakers, 90 w Output",178 ° Viewing Angle,"4 HDMI Ports, 3 USB Ports",Screen Mirroring / Miracast Support
Samsung QA65Q60BAKLXL 65 inch Ultra HD 4K Smart QLED TV,"₹1,39,990",79,"65 in, QLED TV","4K Resolution, 3840 x 2160 pixels","Wifi, Ethernet",Smart TV,"2 Speakers, 20 w Output",178 ° Viewing Angle,"3 HDMI Ports, 2 USB Ports",3D TV: No
Samsung UA75BU8000KXXL 75 inch Ultra HD 4K Smart LED TV,"₹1,60,350",81,"75 in, LED TV","4K Resolution, 3840 x 2160 pixels","Wifi, Ethernet",Smart TV,"2 Speakers, 20 w Output",178 ° Viewing Angle,"3 HDMI Ports, 2 USB Ports",Screen Mirroring / Miracast Support
Samsung QN95B 55 inch Ultra HD 4K Smart QLED TV (QA55QN95BAKLXL),"₹1,59,990",85,"55 in, QLED TV","4K Resolution, 3840 x 2160 pixels","Wifi, Ethernet",Smart TV,"4.2.2CH Speakers, 70 w Output",178 ° Viewing Angle,"4 HDMI Ports, 3 USB Ports",Screen Mirroring / Miracast Support
Croma CREL065UOA024601 65 Inch Ultra HD 4K Smart LED TV,"₹59,990",71,"65 in, LED TV","4K Resolution, 3840 x 2160 pixels","Wifi, Ethernet",Smart TV,178 ° Viewing Angle,"3 HDMI Ports, 2 USB Ports",Screen Mirroring / Miracast Support,"60 Hz, 16:9 Ratio"
Samsung QA65QN800BKXXL 65 inch Ultra HD 8K Smart QLED TV,"₹3,34,990",90,"65 in, QLED TV","8K Resolution, 7680 x 4320 pixels","Wifi, Ethernet",Smart TV,70 w Output,"Ultra Slim, 178 ° Viewing Angle","4 HDMI Ports, 3 USB Ports",3D TV: No
TCL 40S6505 40 inch Full HD Smart LED TV,"₹18,990",53,"40 in, LED TV","Full HD, 1920 x 1080 pixels","Wifi, Ethernet",Smart TV,"2 Speakers, 20 w Output",178 ° Viewing Angle,"2 HDMI Ports, 1 USB Ports",Screen Mirroring / Miracast Support
Yuwa Y-32 Smart 32 inch HD Ready Smart LED TV,"₹7,987",42,"32 in, LED TV",1366 x 768 pixels,"Wifi, Ethernet",Smart TV,"2 Speakers, 10 w Output","A53*4 Processor, 512 RAM, 4 GB Storage",178 ° Viewing Angle,"1 HDMI Ports, 2 USB Ports"
Haier LE43K6GA 43 Inch Full HD Smart LED TV,"₹29,999",55,"43 in, LED TV","Full HD, 1920 x 1080 pixels","Wifi, Ethernet",Smart TV,"2 Speakers, 20 w Output",178 ° Viewing Angle,"3 HDMI Ports, 2 USB Ports",3D TV: No
Onida 43UIV 43 inch Ultra HD 4K Smart LED TV,"₹26,999",64,"43 in, LED TV","4K Resolution, 3840 x 2160 pixels",Wifi,Smart TV,2 Speakers,178 ° Viewing Angle,"3 HDMI Ports, 2 USB Ports",Screen Mirroring / Miracast Support
Panasonic TH-32J200DX 32 inch HD Ready LED TV,"₹16,580",32,"32 in, LED TV",1366 x 768 pixels,Smart TV: No,"2 Speakers, 16 w Output",178 ° Viewing Angle,"2 HDMI Ports, 2 USB Ports",60 Hz,
Haier OLED Pro 65-Inch Ultra HD 4K Smart OLED TV,"₹2,39,990",81,"65 in, OLED TV","4K Resolution, 3840 x 2160 pixels","Wifi, Ethernet",Smart TV,"2 Speakers, 30 w Output",178 ° Viewing Angle,"3 HDMI Ports, 2 USB Ports",Screen Mirroring / Miracast Support
Hisense 32E4G 32 Inch HD Ready Smart LED TV,"₹10,999",45,"32 in, LED TV",1366 x 768 pixels,"Wifi, Ethernet",Smart TV,"2 Speakers, 20 w Output",178 ° Viewing Angle,"2 HDMI Ports, 2 USB Ports",3D TV: No
Sansui JSY32SKHD 32 inch HD Ready Smart LED TV,"₹10,990",46,"32 in, LED TV",1366 x 768 pixels,"Wifi, Ethernet",Smart TV,"2 Speakers, 20 w Output",Quad Core Processor,178 ° Viewing Angle,"2 HDMI Ports, 2 USB Ports"
Sansui JSY32NSHD 32 Inch HD Ready LED TV,"₹9,999",32,"32 in, LED TV",1366 x 768 pixels,Smart TV: No,"2 Speakers, 20 w Output",178 ° Viewing Angle,"2 HDMI Ports, 2 USB Ports",3D TV: No,"60 Hz, 16:9 Ratio"
Hisense 50A6GE 50 inch Ultra HD 4K Smart LED TV,"₹31,990",73,"50 in, LED TV","4K Resolution, 3840 x 2160 pixels","Wifi, Ethernet",Smart TV,"2 Speakers, 30 w Output","2 GB RAM, 16 GB Storage",178 ° Viewing Angle,"3 HDMI Ports, 2 USB Ports"
Akai AKLT32S-DFL9W 32 inch HD Ready Smart LED TV,"₹10,299",50,"32 in, LED TV",1366 x 768 pixels,"Wifi, Ethernet",Smart TV,"2 Speakers, 20 w Output","1 GB RAM, 8 GB Storage",178 ° Viewing Angle,"2 HDMI Ports, 2 USB Ports"
Akai AKLT55U-F7VSW 55 inch Ultra HD 4K Smart LED TV,"₹32,999",72,"55 in, LED TV","4K Resolution, 3840 x 2160 pixels","Wifi, Ethernet",Smart TV,"2 Speakers, 20 w Output","Quad Core Processor, 1.5 GB RAM, 8 GB Storage",178 ° Viewing Angle,"3 HDMI Ports, 3 USB Ports"
Sony Bravia XR-75X90K 75 inch Ultra HD 4K Smart Full Array LED TV,"₹2,32,990",75,"75 in, Full Array LED TV","4K Resolution, 3840 x 2160 pixels","Wifi, Ethernet",Smart TV,Cognitive Processor XR Processor,178 ° Viewing Angle,"3 HDMI Ports, 2 USB Ports",Supports Apps & Games
Vu Premium 75QPC 75 inch Ultra HD 4K Smart QLED TV,"₹98,990",76,"75 in, QLED TV","4K Resolution, 3840 x 2160 pixels",Wifi,Smart TV,"4 Speakers, 40 w Output","Quad Core Processor Processor, 2 GB RAM, 16 GB Storage",178 ° Viewing Angle,"4 HDMI Ports, 2 USB Ports"
Coocaa 32S7G 32 inch HD Ready Smart LED TV,"₹10,499",49,"31.5 in, LED TV",1366 x 768 pixels,"Wifi, Ethernet",Smart TV,"2 Speakers, 20 w Output","ARM A55 Quad Core, 1.5 GHz Processor, 1 GB RAM, 8 GB Storage",178 ° Viewing Angle,"2 HDMI Ports, 2 USB Ports"
Sony X74 KD-43X74 43 inch Ultra HD 4K Smart LED TV,"₹43,999",69,"42.52 in, LED TV","4K Resolution, 3840 x 2160 pixels","Wifi, Ethernet",Smart TV,"2 Speakers, 20 w Output",4K Processor X1 Processor,178 ° Viewing Angle,"3 HDMI Ports, 2 USB Ports"
Foxsky 50FS-VS 50-inch Ultra HD 4K Smart LED TV,"₹21,999",65,"50 in, LED TV","4K Resolution, 3840 x 2160 pixels",Wifi,Smart TV,30 w Output,"Quad Core Processor, 1 GB RAM, 8 GB Storage",178 ° Viewing Angle,"2 HDMI Ports, 2 USB Ports"
Lloyd 32HS550C 32-inch HD Ready Smart LED TV,"₹16,599",47,"32 in, LED TV",1366 x 768 pixels,Wifi,Smart TV,"2 Speakers, 20 w Output",178 ° Viewing Angle,"3 HDMI Ports, 2 USB Ports",3D TV: No
Kodak CA Pro 43CAPRO5022 43-inch Ultra HD 4K Smart LED TV,"₹21,999",69,"42.52 in, LED TV","4K Resolution, 3840 x 2160 pixels","Wifi, Ethernet",Smart TV,"2 Speakers, 40 w Output","A53 x 4-1.5 GHz Processor, 2 GB RAM, 8 GB Storage",178 ° Viewing Angle,"3 HDMI Ports, 2 USB Ports"
HiSense U6G 65 inch Ultra HD 4K Smart QLED TV (65U6G),"₹79,949",77,"65 in, QLED TV","4K Resolution, 3840 x 2160 pixels","Wifi, Ethernet",Smart TV,"2 Speakers, 24 w Output","Quad Core Cortex-A53 x 4 64 Bit Processor, 2 GB RAM, 16 GB Storage",178 ° Viewing Angle,"3 HDMI Ports, 2 USB Ports"
Westinghouse WH43SP99 43 Inch Full HD Smart LED TV,"₹14,999",53,"43 in, LED TV","Full HD, 1920 x 1080 pixels","Wifi, Ethernet",Smart TV,"2 Speakers, 30 w Output","ARM Cortex-A53 Processor, 1 GB RAM, 8 GB Storage",178 ° Viewing Angle,"3 HDMI Ports, 2 USB Ports"
LG 32LM562BPTA 32-inch HD Ready Smart LED TV,"₹15,490",43,"32 in, LED TV",1366 x 768 pixels,"Wifi, Ethernet",Smart TV,"2 Speakers, 10 w Output",Quad Core Processor,180 ° Viewing Angle,"2 HDMI Ports, 1 USB Ports"
LG 43LM5620PTA 43 Inch Full HD Smart LED TV,"₹34,490",48,"43 in, LED TV","Full HD, 1920 x 1080 pixels",Ethernet,Smart TV,"2 Speakers, 20 w Output",Quad Core Processor 4K Processor,178 ° Viewing Angle,"2 HDMI Ports, 1 USB Ports"
iFFALCON by TCL 32F52 32 inch HD Ready LED Smart TV,"₹10,999",45,"32 in, LED TV",1366 x 768 pixels,"Wifi, Ethernet",Smart TV,"2 Speakers, 10 w Output","ARM Cortex-A53 Processor, 8 GB Storage",178 ° Viewing Angle,"2 HDMI Ports, 2 USB Ports"
LG 32LT340CBTB 32-inch Essential Commercial HD Ready LED TV,"₹15,990",31,"32 in, LED TV",1366 x 768 pixels,"2 Speakers, 10 w Output",178 ° Viewing Angle,"1 HDMI Ports, 1 USB Ports","60 Hz, 16:9 Ratio",,
Hisense 32A4G 32-inch HD Ready Smart LED TV,"₹13,490",48,"32 in, LED TV",1366 x 768 pixels,"Wifi, Ethernet",Smart TV,"2 Speakers, 20 w Output",178 ° Viewing Angle,"2 HDMI Ports, 2 USB Ports",3D TV: No
Candes CTPL32EFN 32-inch HD Ready Smart LED TV,"₹7,440",49,"32 in, LED TV",1366 x 768 pixels,"Wifi, Ethernet",Smart TV,"2 Speakers, 20 w Output",1 GB RAM,178 ° Viewing Angle,"2 HDMI Ports, 2 USB Ports"
BPL 43F-A4300 43-inch HD Ready Smart LED TV,"₹27,600",53,"43 in, LED TV","Full HD, 1920 x 1080 pixels",Wifi,Smart TV,"2 Speakers, 18 w Output",178 ° Viewing Angle,"3 HDMI Ports, 2 USB Ports",3D TV: No
Xiaomi Redmi L43M6-RA 43-inch Full HD Smart LED TV,"₹23,999",55,"43 in, LED TV","Full HD, 1920 x 1080 pixels","Wifi, Ethernet",Smart TV,"2 Speakers, 20 w Output","Quad core A35 CPU Processor, 1 GB RAM, 8 GB Storage",178 ° Viewing Angle,"2 HDMI Ports, 2 USB Ports"
Thomson 9R Pro 50PATH1010BL 50-inch Ultra HD 4K Smart LED TV,"₹24,999",70,"50 in, LED TV","4K Resolution, 3840 x 2160 pixels","Wifi, Ethernet",Smart TV,"2 Speakers, 40 w Output","ARM Cortex A53 Processor, 2 GB RAM, 8 GB Storage",178 ° Viewing Angle,"3 HDMI Ports, 2 USB Ports"
Philips 7600 Series 58PUT7605 58-inch Ultra HD 4K Smart LED TV,"₹43,999",75,"58 in, LED TV","4K Resolution, 3840 x 2160 pixels","Wifi, Ethernet",Smart TV,"2 Speakers, 20 w Output","Mali G51 Processor, 2 GB RAM, 4 GB Storage",178 ° Viewing Angle,"3 HDMI Ports, 2 USB Ports"
LG OLED48A1PTZ 48-inch Ultra HD 4K Smart OLED TV,"₹71,999",76,"48 in, OLED TV","4K Resolution, 3840 x 2160 pixels","Wifi, Ethernet",Smart TV,"2 Speakers, 20 w Output",Quad Core Processor,178 ° Viewing Angle,"3 HDMI Ports, 2 USB Ports"
LG 55UP7550PTZ 55-inch Ultra HD 4K Smart LED TV,"₹49,990",66,"55 in, LED TV","4K Resolution, 3840 x 2160 pixels","Wifi, Ethernet",Smart TV,"2 Speakers, 20 w Output",Intelligent Quad Core Processor 4K Processor,178 ° Viewing Angle,"2 HDMI Ports, 1 USB Ports"
Onida 55UIF 55-inch Ultra 4K HD Smart LED TV,"₹36,990",75,"55 in, LED TV","4K Resolution, 3840 x 2160 pixels","Wifi, Ethernet",Smart TV,"2 Speakers, 20 w Output","Quad Core Processor, 1.5 GB RAM, 8 GB Storage",178 ° Viewing Angle,"3 HDMI Ports, 2 USB Ports"
Philips 43PFT6915/94 43-inch Full HD Smart LED TV,"₹25,589",60,"43 in, LED TV","Full HD, 1920 x 1080 pixels","Wifi, Ethernet",Smart TV,"2 Speakers, 16 w Output","Mali 470 Processor, 1 GB RAM, 8 GB Storage",178 ° Viewing Angle,"3 HDMI Ports, 2 USB Ports"
LG OLED55G1PTZ 55-inch Ultra HD 4K Smart OLED TV,"₹1,24,990",83,"55 in, OLED TV","4K Resolution, 3840 x 2160 pixels","Wifi, Ethernet",Smart TV,"4 Speakers, 60 w Output",178 ° Viewing Angle,"4 HDMI Ports, 3 USB Ports",3D TV: No
LG OLED65C1PTZ 65-inch Ultra HD 4K Smart OLED TV,"₹1,69,990",84,"65 in, OLED TV","4K Resolution, 3840 x 2160 pixels","Wifi, Ethernet",Smart TV,"2 Speakers, 40 w Output",178 ° Viewing Angle,"4 HDMI Ports, 3 USB Ports",3D TV: No
Coocaa 32S3U Pro 32 -inch HD Ready Smart LED TV,"₹8,999",45,"32 in, LED TV",1366 x 768 pixels,"Wifi, Ethernet",Smart TV,"2 Speakers, 20 w Output","Quad Core A35 x 4 Processor, 512 MB RAM, 4 GB Storage",178 ° Viewing Angle,"2 HDMI Ports, 1 USB Ports"
Xiaomi Mi TV 6 55-inch Ultra HD 4K Smart OLED TV,"₹65,499",78,"55 in, OLED TV","4K Resolution, 3840 x 2160 pixels","Wifi, Ethernet",Smart TV,"2 Speakers, 25 w Output","Cortex A73 Processor, 3 GB RAM, 32 GB Storage",178 ° Viewing Angle,"3 HDMI Ports, 2 USB Ports"
Xiaomi Mi TV 6 65-inch Ultra HD 4K Smart OLED TV,"₹88,360",81,"65 in, OLED TV","4K Resolution, 3840 x 2160 pixels","Wifi, Ethernet",Smart TV,"2 Speakers, 25 w Output","Cortex A73 Processor, 3 GB RAM, 32 GB Storage",178 ° Viewing Angle,"3 HDMI Ports, 2 USB Ports"
LG 43UP7740PTZ 43-inch Ultra HD 4K Smart LED TV,"₹35,990",64,"43 in, LED TV","4K Resolution, 3840 x 2160 pixels",Wifi,Smart TV,"2 Speakers, 20 w Output",178 ° Viewing Angle,"2 HDMI Ports, 1 USB Ports",3D TV: No
Blaupunkt Cybersound 50CSA7007 50-inch Ultra HD 4K Smart LED TV,"₹27,999",74,"50 in, LED TV","4K Resolution, 3840 x 2160 pixels","Wifi, Ethernet",Smart TV,"4 Speakers, 60 w Output","ARM Cortex A53  Processor, 2 GB RAM, 8 GB Storage",178 ° Viewing Angle,"3 HDMI Ports, 3 USB Ports"
iFFALCON by TCL 55K72 55-inch Ultra HD 4K Smart LED TV,"₹31,999",70,"55 in, LED TV","4K Resolution, 3840 x 2160 pixels","Wifi, Ethernet",Smart TV,"2 Speakers, 24 w Output",A55 Processor,178 ° Viewing Angle,"3 HDMI Ports, 2 USB Ports"
Candes F43S001 43-inch Ultra HD 4K Smart LED TV,"₹16,990",64,"42.52 in, LED TV","4K Resolution, 3840 x 2160 pixels","Wifi, Ethernet",Smart TV,"2 Speakers, 20 w Output",1 GB RAM,178 ° Viewing Angle,"2 HDMI Ports, 2 USB Ports"
LG 55UP7500PTZ 55-inch Ultra HD 4K Smart LED TV,"₹49,990",68,"55 in, LED TV","4K Resolution, 3840 x 2160 pixels","Wifi, Ethernet",Smart TV,"2 Speakers, 20 w Output","Quad Core Processor, 8 GB Storage",178 ° Viewing Angle,"2 HDMI Ports, 1 USB Ports"
LG 43UP7500PTZ 43-inch Ultra HD 4K Smart LED TV,"₹32,990",64,"43 in, LED TV","4K Resolution, 3840 x 2160 pixels",Wifi,Smart TV,"2 Speakers, 20 w Output","Quad Core Processor, 8 GB Storage",178 ° Viewing Angle,"2 HDMI Ports, 1 USB Ports"
LG 43UP7750PTZ 43-inch Ultra HD 4K Smart LED TV,"₹31,990",64,"43 in, LED TV","4K Resolution, 3840 x 2160 pixels",Wifi,Smart TV,"2 Speakers, 20 w Output",178 ° Viewing Angle,"2 HDMI Ports, 1 USB Ports",3D TV: No
Sony Bravia KD-55X85J 55-inch Ultra HD 4K Smart LED TV,"₹81,699",79,"55 in, LED TV","4K Resolution, 3840 x 2160 pixels","Wifi, Ethernet",Smart TV,"2 Speakers, 20 w Output",16 GB Storage,178 ° Viewing Angle,"4 HDMI Ports, 2 USB Ports"
Infinix 40X1 40-inch Full HD Smart LED TV,"₹18,999",56,"40 in, LED TV","Full HD, 1920 x 1080 pixels","Wifi, Ethernet",Smart TV,"2 Speakers, 24 w Output","MTK 6683 Processor, 1 GB RAM, 8 GB Storage",170 ° Viewing Angle,"3 HDMI Ports, 2 USB Ports"
Itel G4334IE 43-inch Ultra HD 4K Smart LED TV,"₹32,999",67,"43 in, LED TV","4K Resolution, 3840 x 2160 pixels",Wifi,Smart TV,"2 Speakers, 20 w Output","Cortex A53 Processor, 2 GB RAM, 8 GB Storage",178 ° Viewing Angle,"3 HDMI Ports, 2 USB Ports"
Panasonic TH-65JX750DX 65-inch Ultra HD 4K Smart LED TV,"₹82,500",75,"65 in, LED TV","4K Resolution, 3840 x 2160 pixels","Wifi, Ethernet",Smart TV,"2 Speakers, 20 w Output",178 ° Viewing Angle,"3 HDMI Ports, 2 USB Ports",3D TV: No
Blaupunkt 55CSA7090 55-inch Ultra HD 4K Smart LED TV,"₹31,999",72,"55 in, LED TV","4K Resolution, 3840 x 2160 pixels","Wifi, Ethernet",Smart TV,"4 Speakers, 60 w Output","A53 x 4-1.5 GHz Processor, 2 GB RAM, 8 GB Storage",178 ° Viewing Angle,"2 HDMI Ports, 2 USB Ports"
Hisense Tornado 65-inch Ultra HD 4K Smart LED TV,"₹56,990",77,"65 in, LED TV","4K Resolution, 3840 x 2160 pixels","Wifi, Ethernet",Smart TV,"6 Speakers, 102 w Output","Cortex-A53  Processor, 2 GB RAM, 16 GB Storage",178 ° Viewing Angle,"3 HDMI Ports, 2 USB Ports"
Samsung QA55QN85AAKLXL 55-inch Ultra HD 4K Smart Neo QLED TV,"₹1,19,990",77,"55 in, QLED TV","4K Resolution, 3840 x 2160 pixels","Wifi, Ethernet",Smart TV,"2 Speakers, 60 w Output",178 ° Viewing Angle,"4 HDMI Ports, 2 USB Ports",3D TV: No
Panasonic Viera TH-42JS650DX 42-inch Full HD Smart LED TV,"₹34,170",56,"42 in, LED TV","Full HD, 1920 x 1080 pixels","Wifi, Ethernet",Smart TV,"2 Speakers, 20 w Output",178 ° Viewing Angle,"3 HDMI Ports, 2 USB Ports",3D TV: No
Panasonic Viera TH-43JX660DX 43 inch Ultra HD 4K Smart LED TV,"₹29,990",68,"43 in, LED TV","4K Resolution, 3840 x 2160 pixels","Wifi, Ethernet",Smart TV,"2 Speakers, 20 w Output",178 ° Viewing Angle,"3 HDMI Ports, 2 USB Ports",3D TV: No
Panasonic Viera TH-42JS660DX 42-inch Full HD Smart LED TV,"₹34,490",56,"42 in, LED TV","Full HD, 1920 x 1080 pixels","Wifi, Ethernet",Smart TV,"2 Speakers, 20 w Output",178 ° Viewing Angle,"3 HDMI Ports, 2 USB Ports",3D TV: No
Sony Bravia KD-55X80J 55-inch Ultra HD 4K Smart LED TV,"₹81,900",74,"55 in, LED TV","4K Resolution, 3840 x 2160 pixels","Wifi, Ethernet",Smart TV,"2 Speakers, 20 w Output",4K HDR Processor X1 Processor,178 ° Viewing Angle,"4 HDMI Ports, 2 USB Ports"
Xiaomi Mi TV ES 2022 55-inch Ultra HD 4K Smart LED TV,"₹39,990",72,"55 in, LED TV","4K Resolution, 3840 x 2160 pixels","Wifi, Ethernet",Smart TV,"2 Speakers, 23 w Output","Cortex A55 Processor, 2 GB RAM, 32 GB Storage",178 ° Viewing Angle,"3 HDMI Ports, 2 USB Ports"
Xiaomi Mi TV 6 Extreme Edition 55-inch Ultra HD 4K Smart QLED TV,"₹68,999",79,"55 in, QLED TV","4K Resolution, 3840 x 2160 pixels","Wifi, Ethernet",Smart TV,90 w Output,"Cortex A73 Processor, 4.5 GB RAM, 64 GB Storage",178 ° Viewing Angle,"3 HDMI Ports, 2 USB Ports"
Samsung 75AU8000 75-inch Ultra HD 4K Smart LED TV,"₹1,39,990",80,"75 in, LED TV","4K Resolution, 3840 x 2160 pixels","Wifi, Ethernet",Smart TV,"2 Speakers, 20 w Output",Quad Core Processor,178 ° Viewing Angle,"3 HDMI Ports, 2 USB Ports"
Samsung Crystal 4K Pro UA58AUE70AKLXL 58-inch Ultra HD 4K Smart LED TV,"₹50,990",68,"58 in, LED TV","4K Resolution, 3840 x 2160 pixels",Wifi,Smart TV,"2 Speakers, 20 w Output",Crystal Processor 4K Processor,178 ° Viewing Angle,"3 HDMI Ports, 1 USB Ports"
Samsung Crystal 65AU7500 65-inch Ultra HD 4K Smart LED TV,"₹79,690",74,"65 in, LED TV","4K Resolution, 3840 x 2160 pixels","Wifi, Ethernet",Smart TV,"2 Speakers, 20 w Output",178 ° Viewing Angle,"3 HDMI Ports, 1 USB Ports",3D TV: No
Samsung 8 Series UA50AU8000KL 50-inch Ultra HD 4K Smart LED TV,"₹54,990",69,"50 in, LED TV","4K Resolution, 3840 x 2160 pixels","Wifi, Ethernet",Smart TV,"2 Speakers, 20 w Output",Quad Core Processor,178 ° Viewing Angle,"3 HDMI Ports, 2 USB Ports"
Samsung The Frame QA43LS03AAKLXL 43-inch Ultra HD 4K Smart QLED TV,"₹51,990",71,"43 in, QLED TV","4K Resolution, 3840 x 2160 pixels",Wifi,Smart TV,"2 Speakers, 20 w Output",178 ° Viewing Angle,"4 HDMI Ports, 2 USB Ports",3D TV: No
Samsung The Frame QA50LS03AAKLXL 50-inch Ultra HD 4K Smart QLED TV,"₹59,990",72,"50 in, QLED TV","4K Resolution, 3840 x 2160 pixels","Wifi, Ethernet",Smart TV,"2 Speakers, 20 w Output",178 ° Viewing Angle,"4 HDMI Ports, 2 USB Ports",3D TV: No
Samsung The Frame QA55LS03AAKLXL 55-inch Ultra HD 4K Smart QLED TV,"₹75,990",76,"55 in, QLED TV","4K Resolution, 3840 x 2160 pixels","Wifi, Ethernet",Smart TV,"4 Speakers, 40 w Output",178 ° Viewing Angle,"4 HDMI Ports, 2 USB Ports",3D TV: No
Sony Bravia X80J KD-75X80J 75-inch Ultra HD 4K Smart LED TV,"₹1,49,990",77,"75 in, LED TV","4K Resolution, 3840 x 2160 pixels","Wifi, Ethernet",Smart TV,"2 Speakers, 20 w Output",178 ° Viewing Angle,"4 HDMI Ports, 2 USB Ports",3D TV: No
Sony X75 KD-50X75 50-inch Ultra HD 4K Smart LED TV,"₹53,990",69,"50 in, LED TV","4K Resolution, 3840 x 2160 pixels","Wifi, Ethernet",Smart TV,"2 Speakers, 20 w Output",178 ° Viewing Angle,"3 HDMI Ports, 2 USB Ports",3D TV: No
Samsung Crystal 4K Pro UA55AUE70AKLXL 55-inch Ultra HD 4K Smart LED TV,"₹47,990",68,"55 in, LED TV","4K Resolution, 3840 x 2160 pixels",Wifi,Smart TV,"2 Speakers, 20 w Output",Crystal Processor 4K Processor,178 ° Viewing Angle,"3 HDMI Ports, 1 USB Ports"
Xiaomi Mi Q1 75-inch Ultra HD 4k Smart QLED TV,"₹1,44,999",82,"75 in, QLED TV","4K Resolution, 3840 x 2160 pixels","Wifi, Ethernet",Smart TV,"6 Speakers, 30 w Output","A55  Processor, 2 GB RAM, 32 GB Storage",178 ° Viewing Angle,"3 HDMI Ports, 2 USB Ports"
Sony 32W830 32-inch HD Ready Smart LED TV,"₹24,990",54,"31.5 in, LED TV",1366 x 768 pixels,"Wifi, Ethernet",Smart TV,"2 Speakers, 20 w Output","X-Reality Pro Processor, 16 GB Storage",178 ° Viewing Angle,"3 HDMI Ports, 2 USB Ports"
Skywall 32SW 32-inch Full HD Smart LED TV,"₹8,299",47,"32 in, LED TV","Full HD, 1920 x 1080 pixels",Wifi,Smart TV,"2 Speakers, 30 w Output",178 ° Viewing Angle,"2 HDMI Ports, 2 USB Ports",3D TV: No
Skywall 40SWFHS 40-inche Full HD LED Smart TV,"₹13,299",49,"40 in, LED TV","Full HD, 1920 x 1080 pixels",Wifi,Smart TV,"2 Speakers, 30 w Output",178 ° Viewing Angle,"2 HDMI Ports, 2 USB Ports",3D TV: No
VW VW32 PRO 32-inch HD Ready LED Smart TV,"₹8,999",46,"32 in, LED TV",1366 x 768 pixels,Wifi,Smart TV,"2 Speakers, 20 w Output",178 ° Viewing Angle,"2 HDMI Ports, 2 USB Ports",3D TV: No
Philips 43PFT6815/94 43-inch Full HD Smart LED TV,"₹26,950",51,"43 in, LED TV","Full HD, 1920 x 1080 pixels","Wifi, Ethernet",Smart TV,"2 Speakers, 16 w Output",178 ° Viewing Angle,"3 HDMI Ports, 1 USB Ports",3D TV: No
Lloyd 43US900B 43 inch Ultra HD 4K Smart LED TV,"₹33,490",61,"43 in, LED TV","4K Resolution, 3840 x 2160 pixels",Smart TV,"2 Speakers, 20 w Output",Quad Core Processor,178 ° Viewing Angle,"3 HDMI Ports, 2 USB Ports",3D TV: No
Croma CREL7364 32-inch HD Ready Smart LED TV,"₹10,990",44,"32 in, LED TV",1366 x 768 pixels,Wifi,Smart TV,"2 Speakers, 20 w Output","1 GB RAM, 8 GB Storage","2 HDMI Ports, 1 USB Ports",Supports Apps & Games
Hisense 58A71F 58-inch Ultra HD 4K Smart LED TV,"₹43,490",73,"58 in, LED TV","4K Resolution, 3840 x 2160 pixels","Wifi, Ethernet",Smart TV,"2 Speakers, 30 w Output",2 GB RAM,178 ° Viewing Angle,"3 HDMI Ports, 2 USB Ports"
Thomson 43PATH0009 43-inch Full HD Smart LED TV,"₹16,999",56,"43 in, LED TV","Full HD, 1920 x 1080 pixels","Wifi, Ethernet",Smart TV,"2 Speakers, 40 w Output","ARM Cortex-A53 Processor, 1 GB RAM, 8 GB Storage",178 ° Viewing Angle,"3 HDMI Ports, 2 USB Ports"
Kodak 42FHDX7XPRO 42-inch Full HD Smart LED TV,"₹15,499",53,"42 in, LED TV","Full HD, 1920 x 1080 pixels","Wifi, Ethernet",Smart TV,"2 Speakers, 30 w Output","ARM Cortex-A53 Processor, 1 GB RAM, 8 GB Storage",178 ° Viewing Angle,"3 HDMI Ports, 2 USB Ports"
Coocaa 55S6G Pro 55-inch Ultra HD 4K Smart LED TV,"₹32,999",70,"55 in, LED TV","4K Resolution, 3840 x 2160 pixels","Wifi, Ethernet",Smart TV,"2 Speakers, 20 w Output","Cortex A53 Processor, 2 GB RAM, 32 GB Storage",178 ° Viewing Angle,"3 HDMI Ports, 2 USB Ports"
AmazonBasics AB32E10SS Fire TV Edition 32-inch HD Ready Smart LED TV,"₹12,299",50,"32 in, LED TV",1366 x 768 pixels,"Wifi, Ethernet",Smart TV,"2 Speakers, 20 w Output","1 GB RAM, 8 GB Storage",178 ° Viewing Angle,"2 HDMI Ports, 2 USB Ports"
Sansui JSW43ASFHD 43-inch Full HD Smart LED TV,"₹20,999",52,"43 in, LED TV","Full HD, 1920 x 1080 pixels","Wifi, Ethernet",Smart TV,"2 Speakers, 20 w Output","CA53 Processor, 1 GB RAM, 8 GB Storage",178 ° Viewing Angle,"2 HDMI Ports, 2 USB Ports"
Vu Masterpiece 85-inch Ultra HD 4K Smart QLED TV,"₹2,39,999",84,"85 in, LED TV","4K Resolution, 3840 x 2160 pixels","Wifi, Ethernet",Smart TV,"6 Speakers, 50 w Output","Quad Core Processor, 2 GB RAM, 16 GB Storage",178 ° Viewing Angle,"4 HDMI Ports, 2 USB Ports"
Oppo TV R1 65-inch Ultra HD 4K Smart LED TV,"₹49,990",68,"65 in, LED TV","4K Resolution, 3840 x 2160 pixels",Wifi,Smart TV,"2 Speakers, 20 w Output","2 GB RAM, 32 GB Storage",178 ° Viewing Angle,"1 HDMI Ports, 2 USB Ports"
Sanyo Kaizen Series XT-50UHD4S 50-inch Ultra HD 4K Smart LED TV,"₹24,999",72,"50 in, LED TV","4K Resolution, 3840 x 2160 pixels","Wifi, Ethernet",Smart TV,"2 Speakers, 20 w Output","Quad Core Processor, 2 GB RAM, 16 GB Storage",178 ° Viewing Angle,"3 HDMI Ports, 2 USB Ports"
Sony XBR-75Z8H 75-inch Ultra HD 8K Smart LED TV,"₹4,40,999",82,75 in,"8K Resolution, 7680 x 4320 pixels","Wifi, Ethernet",Smart TV,"6 (Speakers and Amplifier) Speakers, 60 w Output","Quad Core Processor, 16 GB Storage",178 ° Viewing Angle,"4 HDMI Ports, 3 USB Ports"
Xiaomi Mi TV Lux Pro 82-inch Ultra HD 8K Smart OLED TV,"₹5,41,990",92,"82 in, OLED TV","8K Resolution, 7689 x 4320 pixels","Wifi, Ethernet",Smart TV,"8 Speakers, 60 w Output","Novatek 72685  Processor, 4 GB RAM, 256 GB Storage","Ultra Slim, 178 ° Viewing Angle","3 HDMI Ports, 2 USB Ports"
Xiaomi Redmi TV A50 50-inch Ultra HD 4K Smart LED TV,"₹22,990",65,"50 in, LED TV","4K Resolution, 3840 x 2160 pixels","Wifi, Ethernet",Smart TV,"2 Speakers, 20 w Output","1.5 GB RAM, 8 GB Storage",178 ° Viewing Angle,"3 HDMI Ports, 2 USB Ports"
Xiaomi Redmi TV A55 55-inch Ultra HD 4K Smart LED TV,"₹25,990",66,"55 in, LED TV","4K Resolution, 3840 x 2160 pixels","Wifi, Ethernet",Smart TV,"2 Speakers, 20 w Output","MediaTek 9632  Processor, 1.5 GB RAM, 8 GB Storage",178 ° Viewing Angle,"3 HDMI Ports, 2 USB Ports"
Toshiba 50U5050 50-inch Ultra HD 4K Smart LED TV,"₹24,999",67,"50 in, LED TV","4K Resolution, 3840 x 2160 pixels","Wifi, Ethernet",Smart TV,"2 Speakers, 30 w Output","Cortex-A53  Processor, 1.5 GB RAM, 4 GB Storage",178 ° Viewing Angle,"3 HDMI Ports, 2 USB Ports"
TCL 32S65A 32-inch HD Ready Smart LED TV,"₹15,780",45,"32 in, LED TV",1366 x 768 pixels,Wifi,Smart TV,"2 Speakers, 10 w Output","CA53  Processor, 8 GB Storage",178 ° Viewing Angle,"2 HDMI Ports, 2 USB Ports"
TCL 55P715 55-inch Ultra HD 4K Smart QLED TV,"₹40,990",67,"55 in, QLED TV","4K Resolution, 3840 x 2160 pixels",Wifi,Smart TV,"4 Speakers, 20 w Output",178 ° Viewing Angle,"3 HDMI Ports, 2 USB Ports",3D TV: No
Haier LE32W2000 32-inch HD Ready Smart LED TV,"₹14,270",45,"32 in, LED TV",1366 x 768 pixels,Wifi,Smart TV,"2 Speakers, 20 w Output",178 ° Viewing Angle,"3 HDMI Ports, 1 USB Ports",3D TV: No
LG OLED55BXPTA 55-inch Ultra HD 4K Smart OLED TV,"₹94,999",81,"55 in, OLED TV","4K Resolution, 3840 x 2160 pixels","Wifi, Ethernet",Smart TV,"2 Speakers, 40 w Output",178 ° Viewing Angle,"4 HDMI Ports, 3 USB Ports",3D TV: No
Thomson 9A Series 40PATH7777 40-inch Full HD Smart LED TV,"₹15,499",52,"40 in, LED TV","Full HD, 1920 x 1080 pixels","Wifi, Ethernet",Smart TV,"2 Speakers, 24 w Output","ARM Cortex A53 Processor, 1 GB RAM, 8 GB Storage",178 ° Viewing Angle,"3 HDMI Ports, 2 USB Ports"
Kodak 43FHDX7XPRO 43-inch Full HD Smart LED TV,"₹16,499",53,"43 in, LED TV","Full HD, 1920 x 1080 pixels","Wifi, Ethernet",Smart TV,"2 Speakers, 24 w Output","ARM Cortex-A53 Processor, 1 GB RAM, 8 GB Storage",178 ° Viewing Angle,"3 HDMI Ports, 2 USB Ports"
Hisense 43A71F 43-inch Ultra HD 4K  Smart LED TV,"₹23,990",64,"43 in, LED TV","4K Resolution, 3840 x 2160 pixels","Wifi, Ethernet",Smart TV,"2 Speakers, 30 w Output",178 ° Viewing Angle,"3 HDMI Ports, 2 USB Ports",3D TV: No
Kodak 40FHDX7XPRO 40-inch Full HD Smart LED TV,"₹14,499",54,"40 in, LED TV","Full HD, 1920 x 1080 pixels","Wifi, Ethernet",Smart TV,"2 Speakers, 24 w Output","Cortex A53 Processor, 1 GB RAM, 8 GB Storage",178 ° Viewing Angle,"3 HDMI Ports, 2 USB Ports"
Hisense 32A56E 32-inch HD Ready Smart LED TV,"₹8,999",45,"32 in, LED TV",1366 x 768 pixels,"Wifi, Ethernet",Smart TV,"2 Speakers, 20 w Output",178 ° Viewing Angle,"2 HDMI Ports, 2 USB Ports",3D TV: No
Hisense 55A71F 55-inch Ultra HD 4K Smart LED TV,"₹33,990",65,"55 in, LED TV","4K Resolution, 3840 x 2160 pixels","Wifi, Ethernet",Smart TV,"2 Speakers, 30 w Output",178 ° Viewing Angle,"3 HDMI Ports, 2 USB Ports",3D TV: No
TCL 43P715 43-inch Ultra HD 4K Smart LED TV,"₹24,999",63,"43 in, LED TV","4K Resolution, 3840 x 2160 pixels",Wifi,Smart TV,"2 Speakers, 30 w Output",Quad Core Processor,178 ° Viewing Angle,"3 HDMI Ports, 2 USB Ports"
Toshiba 43L5865 43-inch Full HD Smart LED TV,"₹18,999",53,"43 in, LED TV","Full HD, 1920 x 1080 pixels","Wifi, Ethernet",Smart TV,"2 Speakers, 16 w Output","Cortex-A53 Processor, 1 GB RAM, 4 GB Storage",178 ° Viewing Angle,"2 HDMI Ports, 2 USB Ports"
Samsung UA43TU8000K 43-inch Ultra HD 4K Smart LED TV,"₹45,400",66,"43 in, LED TV","4K Resolution, 3840 x 2160 pixels","Wifi, Ethernet",Smart TV,"2 Speakers, 20 w Output",Quad Core Processor,178 ° Viewing Angle,"3 HDMI Ports, 2 USB Ports"
Sony KD-55X8000H 55-inch Ultra HD 4K Smart LED TV,"₹75,999",72,"55 in, LED TV","4K Resolution, 3840 x 2160 pixels","Wifi, Ethernet",Smart TV,"2 Speakers, 20 w Output",16 GB Storage,178 ° Viewing Angle,"4 HDMI Ports, 2 USB Ports"
Samsung UA43T5770AUXXL 43-inch Smart Full HD LED TV,"₹33,990",52,"43 in, LED TV","Full HD, 1920 x 1080 pixels",Wifi,Smart TV,"4 Speakers, 40 w Output",178 ° Viewing Angle,"2 HDMI Ports, 1 USB Ports",3D TV: No
Samsung 43T5350AK 43-inch Full HD Smart LED TV,"₹29,000",51,"43 in, LED TV","Full HD, 1920 x 1080 pixels",Wifi,Smart TV,"2 Speakers, 20 w Output",178 ° Viewing Angle,"2 HDMI Ports, 1 USB Ports",3D TV: No
Haier LE50K6600HQGA 50-inch Ultra HD 4K Smart LED TV,"₹35,990",67,"50 in, LED TV","4K Resolution, 3840 x 2160 pixels","Wifi, Ethernet",Smart TV,"2 Speakers, 20 w Output",178 ° Viewing Angle,"4 HDMI Ports, 2 USB Ports",3D TV: No
Sony KDL-32W6103 32-inch HD Ready Smart LED TV,"₹23,999",48,"32 in, LED TV",1366 x 768 pixels,"Wifi, Ethernet",Smart TV,"2 Speakers, 20 w Output","X-Reality Pro Processor, 4 GB Storage",178 ° Viewing Angle,"2 HDMI Ports, 2 USB Ports"
Samsung UA32T4050ARXXL 32-inch HD Ready LED TV,"₹13,390",29,32 in,1366 x 768 pixels,"2 Speakers, 20 w Output",178 ° Viewing Angle,"2 HDMI Ports, 1 USB Ports",3D TV: No,"60 Hz, 16:09 Ratio",
Samsung The Frame QA50LS03TAKXXL 50-inch Ultra HD 4K Smart QLED TV,"₹66,999",75,"50 in, QLED TV","4K Resolution, 3840 x 2160 pixels",Wifi,Smart TV,"2 Speakers, 40 w Output","2.5 GB RAM, 8 GB Storage",178 ° Viewing Angle,"4 HDMI Ports, 2 USB Ports"
Samsung The Frame QA55LS03TAKXXL 55-inch Ultra HD 4K Smart QLED TV,"₹78,990",76,"55 in, QLED TV","4K Resolution, 3840 x 2160 pixels",Wifi,Smart TV,"2 Speakers, 40 w Output","2.5 GB RAM, 8 GB Storage",178 ° Viewing Angle,"4 HDMI Ports, 2 USB Ports"
TCL 55C715 55-inch Ultra HD 4K Smart QLED TV,"₹41,488",71,"55 in, QLED TV","4K Resolution, 3840 x 2160 pixels","Wifi, Ethernet",Smart TV,"2 Speakers, 20 w Output","ARM Cortex A55 Processor, 2 GB RAM, 16 GB Storage",178 ° Viewing Angle,"3 HDMI Ports, 2 USB Ports"
Sony KD-43X7500H 43-inch Ultra HD 4K Smart LED TV,"₹40,999",67,"43 in, LED TV","4K Resolution, 3840 x 2160 pixels","Wifi, Ethernet",Smart TV,"2 Speakers, 20 w Output",178 ° Viewing Angle,"3 HDMI Ports, 2 USB Ports",3D TV: No
TCL 55C815 55-inch Ultra HD 4K Smart QLED TV,"₹48,990",73,"55 in, QLED TV","4K Resolution, 3840 x 2160 pixels","Wifi, Ethernet",Smart TV,"2 Speakers, 20 w Output","Cortex A55 Processor, 2 GB RAM, 16 GB Storage",178 ° Viewing Angle,"3 HDMI Ports, 2 USB Ports"
TCL 75X915 75-inch Ultra HD 8K Smart QLED TV,"₹2,59,999",85,"75 in, QLED TV","8K Resolution, 7680 x 4320 pixels","Wifi, Ethernet",Smart TV,"4 Speakers, 50 w Output","Quad Core Processor, 16 GB Storage",178 ° Viewing Angle,"3 HDMI Ports, 2 USB Ports"
Vu 50UT 50-inch Ultra HD 4K Smart LED TV,"₹37,490",67,"50 in, LED TV","4K Resolution, 3840 x 2160 pixels",Wifi,Smart TV,30 w Output,"Quad Core Processor, 2 GB RAM",178 ° Viewing Angle,"3 HDMI Ports, 2 USB Ports"
Haier LE43K6600GA 43-inch Full HD Smart LED TV,"₹32,399",55,"43 in, LED TV","Full HD, 1920 x 1080 pixels","Wifi, Ethernet",Smart TV,"2 Speakers, 20 w Output",178 ° Viewing Angle,"3 HDMI Ports, 2 USB Ports",3D TV: No
Sony KDL-43W6600 43-inch Full HD Smart LED TV,"₹38,480",51,"43 in, LED TV","Full HD, 1920 x 1080 pixels","Wifi, Ethernet",Smart TV,"2 Speakers, 20 w Output",4 GB Storage,178 ° Viewing Angle,"2 HDMI Ports, 2 USB Ports"
Samsung UA32T4010ARXXL 32-inch HD Ready LED TV,"₹13,490",30,"32 in, LED TV",1366 x 768 pixels,Smart TV: No,"2 Speakers, 20 w Output",178 ° Viewing Angle,"2 HDMI Ports, 1 USB Ports",3D TV: No,"60 Hz, 16:09 Ratio"
Xiaomi Mi TV 5 Pro 55-inch Ultra HD 4K Smart QLED TV,"₹36,990",70,"55 in, QLED TV","4K Resolution, 3840 x 2160 pixels","Wifi, Ethernet",Smart TV,4 Speakers,"Amlogic T972  Processor, 4 GB RAM, 64 GB Storage","Ultra Slim, 178 ° Viewing Angle","3 HDMI Ports, 2 USB Ports"
Xiaomi Mi TV 5 Pro 65-inch Ultra HD 4K Smart QLED TV,"₹49,990",72,"65 in, QLED TV","4K Resolution, 3840 x 2160 pixels","Wifi, Ethernet",Smart TV,4 Speakers,"Amlogic T972  Processor, 4 GB RAM, 64 GB Storage","Ultra Slim, 178 ° Viewing Angle","3 HDMI Ports, 2 USB Ports"
Foxsky 55FS4KS 55-inch Ultra HD 4K Smart LED TV,"₹26,999",69,"55 in, LED TV","4K Resolution, 3840 x 2160 pixels",Wifi,Smart TV,"Quad Core Processor, 2 GB RAM, 8 GB Storage",178 ° Viewing Angle,"3 HDMI Ports, 4 USB Ports",3D TV: No
Xiaomi Mi Full Screen Pro 43-inch Ultra HD 4K Smart LED TV,"₹27,999",69,"43 in, LED TV","4K Resolution, 3840 x 2160 pixels",Wifi,Smart TV,"2 Speakers, 20 w Output","Amlogic T972  Processor, 2 GB RAM, 32 GB Storage",178 ° Viewing Angle,"3 HDMI Ports, 2 USB Ports"
Xiaomi Mi TV 4A 40-inch Full HD Smart LED TV,"₹18,999",49,"40 in, LED TV","Full HD, 1920 x 1080 pixels","Wifi, Ethernet",Smart TV,"2 Speakers, 20 w Output","Quad Core Processor, 1 GB RAM, 8 GB Storage",178 ° Viewing Angle,"3 HDMI Ports, 2 USB Ports"
LG 43UM7780PTA 43-inch Ultra HD 4K Smart LED TV,"₹46,900",73,"43 in, LED TV","4K Resolution, 3840 x 2160 pixels","Wifi, Ethernet",Smart TV,"2 Speakers, 35 w Output","1.5 GB RAM, 4 GB Storage",178 ° Viewing Angle,"3 HDMI Ports, 2 USB Ports"
Sony 65A8G 65-inch Ultra HD 4K Smart OLED TV,"₹1,39,990",87,"65 in, OLED TV","4K Resolution, 3840 x 2160 pixels","Wifi, Ethernet",Smart TV,"4 Speakers, 40 w Output",16 GB Storage,"Ultra Slim, 178 ° Viewing Angle","4 HDMI Ports, 4 USB Ports"
Adsun A-3200S 32-inch HD Ready Smart LED TV,"₹7,799",46,"32 in, LED TV",1366 x 768 pixels,"Wifi, Ethernet",Smart TV,"2 Speakers, 20 w Output","Quad Core Processor, 1 GB RAM, 8 GB Storage",178 ° Viewing Angle,"2 HDMI Ports, 2 USB Ports"
LG 43LM6360PTB 43-inch Full HD Smart LED TV,"₹33,490",54,"43 in, LED TV","Full HD, 1920 x 1080 pixels","Wifi, Ethernet",Smart TV,"2 Speakers, 20 w Output",Quad Core Processor,178 ° Viewing Angle,"3 HDMI Ports, 2 USB Ports"
Xiaomi Mi E-Series E32A 32-inch HD Ready Smart LED TV,"₹12,990",46,"32 in, LED TV",1366 x 768 pixels,"Wifi, Ethernet",Smart TV,"2 Speakers, 12 w Output","1 GB RAM, 4 GB Storage",178 ° Viewing Angle,"2 HDMI Ports, 1 USB Ports"
TCL 32S6500S HD Ready Smart LED TV,"₹17,990",45,"32 in, LED TV",1366 x 768 pixels,"Wifi, Ethernet",Smart TV,"2 Speakers, 20 w Output",178 ° Viewing Angle,"2 HDMI Ports, 1 USB Ports",3D TV: No
Panasonic 55GZ2000 55-inch 4K HDR Smart OLED TV,"₹90,000",55,"55 in, OLED TV","4K Resolution, 3840 x 2160 pixels","Wifi, Ethernet",Smart TV,HCX PRO Processor,3D TV: No,,
Samsung UA32N4003ARXXL 32-inch HD Ready LED TV,"₹13,633",27,"31.5 in, LED TV",1366 x 768 pixels,Smart TV: No,"2 Speakers, 10 w Output","2 HDMI Ports, 1 USB Ports",3D TV: No,60 Hz,
Kodak 32HDX900s (32-inch) HD Ready LED TV,"₹7,499",32,"32 in, LED TV",1366 x 768 pixels,Smart TV: No,"2 Speakers, 20 w Output",178 ° Viewing Angle,"2 HDMI Ports, 2 USB Ports",3D TV: No,60 Hz
Thomson 24TM2490 (24 inch) HD Ready LED TV,"₹6,499",31,"24 in, LED TV",1366 x 768 pixels,Smart TV: No,"2 Speakers, 20 w Output",178 ° Viewing Angle,"2 HDMI Ports, 2 USB Ports",3D TV: No,"60 Hz, 16:9, 4:3, Auto, Just Scan, Zoom1, Zoom2 Ratio"
Samsung Series 5 43N5100 (43-inch) Full HD LED TV,"₹39,699",36,"43 in, LED TV","Full HD, 1920 x 1080 pixels",Ethernet,Smart TV: No,"4 Speakers, 40 w Output","2 HDMI Ports, 1 USB Ports",3D TV: No,120 Hz
Sony KDL-43W800F 43 inch Full HD LED Smart TV,"₹46,799",58,"43 in, LED TV","Full HD, 1920 x 1080 pixels","Wifi, Ethernet",Smart TV,"2 Speakers, 10 w Output",178 ° Viewing Angle,"4 HDMI Ports, 3 USB Ports",Screen Mirroring / Miracast Support
LG 55UJ632T (55-inch) Ultra HD LED Smart TV,"₹64,999",72,"55 in, LED TV","4K Resolution, 3840 x 2160 pixels","Wifi, Ethernet",Smart TV,"2 Speakers, 20 w Output",178 ° Viewing Angle,"3 HDMI Ports, 3 USB Ports",3D TV: No
LG LX1 Posé 48 inch Ultra HD 4K Smart OLED TV (48LX1QPSA),"₹1,14,990",77,"48 in, OLED TV","4K Resolution, 3840 x 2160 pixels","Wifi, Ethernet",Smart TV,"4 Speakers, 40 w Output","2.5 GB RAM, 8 GB Storage",Ultra Slim,"3 HDMI Ports, 2 USB Ports"
Yuwa Y-32S- SB 32 inch HD Ready Smart LED TV,"₹8,750",47,"32 in, LED TV",1366 x 768 pixels,"Wifi, Ethernet",Smart TV,"2 Speakers, 30 w Output","A53*4 Processor, 1 GB RAM, 8 GB Storage",178 ° Viewing Angle,"1 HDMI Ports, 2 USB Ports"
Telestone Sparkle Series 43 inch Full HD Smart LED TV,"₹23,199",53,"43 in, LED TV","Full HD, 1920 x 1080 pixels","Wifi, Ethernet",Smart TV,"1 GB RAM, 8 GB Storage","2 HDMI Ports, 2 USB Ports",3D TV: No,Supports Apps & Games
Nextview NV2FH24L 24 inch Full HD LED TV,"₹7,950",36,"24 in, LED TV","Full HD, 1920 x 1080 pixels",Smart TV: No,"1 Speakers, 10 w Output",178 ° Viewing Angle,"2 HDMI Ports, 2 USB Ports",3D TV: No,"60 Hz, 16:9 Ratio"
Leema LM-6500S 65 inch Ultra HD 4K Smart LED TV,"₹46,999",69,"65 in, LED TV","4K Resolution, 3840 x 2160 pixels","Wifi, Ethernet",Smart TV,"2 Speakers, 20 w Output","1 GB RAM, 8 GB Storage","3 HDMI Ports, 2 USB Ports",3D TV: No
Aiwa 50UHDX3 50 inch Ultra HD 4K Smart LED TV,"₹34,990",62,"50 in, LED TV","4K Resolution, 3840 x 2160 pixels",Wifi,Smart TV,"2 Speakers, 15 w Output","3 HDMI Ports, 2 USB Ports",3D TV: No,"60 Hz, 16:9 Ratio"
Aiwa Magnifiq A32HDX1 32 inch HD Ready Smart LED TV,"₹12,990",44,"32 in, LED TV",1366 x 768 pixels,Wifi,Smart TV,"2 Speakers, 24 w Output","2 HDMI Ports, 2 USB Ports",3D TV: No,"60 Hz, 16:9 Ratio"
LG LX1 Posé 55 inch Ultra HD 4K Smart OLED TV (55LX1QPSA),"₹1,59,990",76,"55 in, OLED TV","4K Resolution, 3840 x 2160 pixels","Wifi, Ethernet",Smart TV,40 w Output,"3 HDMI Ports, 2 USB Ports",Supports Apps & Games,Screen Mirroring / Miracast Support
Impex Grande 50 AU00BL 50 inch Ultra HD 4K Smart LED TV,"₹34,900",62,"50 in, LED TV","4K Resolution, 3840 x 2160 pixels","Wifi, Ethernet",Smart TV,10 w Output,Quad Core Processor,"2 HDMI Ports, 2 USB Ports",Supports Apps & Games
Aiwa 55UHDX3 55 inch Ultra HD 4K Smart LED TV,"₹37,990",64,"55 in, LED TV","4K Resolution, 3840 x 2160 pixels","Wifi, Ethernet",Smart TV,"2 Speakers, 15 w Output","3 HDMI Ports, 2 USB Ports",Screen Mirroring / Miracast Support,"60 Hz, 16:9 Ratio"
Nu LED32HWA1 32 inch HD ready Smart LED TV,"₹11,490",47,"32 in, LED TV",1366 x 768 pixels,Wifi,Smart TV,10 w Output,Quad Core Processor,178 ° Viewing Angle,"3 HDMI Ports, 2 USB Ports"
Garuda 4344T8 43 inch Full HD Smart LED TV,"₹17,999",39,"43 in, LED TV","Full HD, 1920 x 1080 pixels",Wifi,Smart TV,178 ° Viewing Angle,"60 Hz, 16:9 Ratio",,
Nextview WBNV4S55Q 55 inch Ultra HD 4K Smart QLED TV,"₹45,000",65,"55 in, QLED TV","4K Resolution, 3840 x 2160 pixels","Wifi, Ethernet",Smart TV,ARM Cortex Processor,"3 HDMI Ports, 1 USB Ports",Supports Apps & Games,Screen Mirroring / Miracast Support
Nextview WBNV4K055U 55 inch Ultra HD 4K Smart LED TV,"₹36,500",65,"55 in, LED TV","4K Resolution, 3840 x 2160 pixels","Wifi, Ethernet",Smart TV,ARM Cortex Processor,"3 HDMI Ports, 2 USB Ports",Supports Apps & Games,Screen Mirroring / Miracast Support
Dyanora DY-LD32H1N 32 inch HD Ready LED TV,"₹6,999",35,"32 in, LED TV",1366 x 768 pixels,Smart TV: No,"2 Speakers, 20 w Output",Quad Core Processor,178 ° Viewing Angle,"2 HDMI Ports, 2 USB Ports","60 Hz, 16:9 Ratio"
Nextview WBNV4K050U 50 inch Ultra HD 4K Smart LED TV,"₹31,500",64,"50 in, LED TV","4K Resolution, 3840 x 2160 pixels","Wifi, Ethernet",Smart TV,ARM Cortex Processor,"3 HDMI Ports, 2 USB Ports",Supports Apps & Games,Screen Mirroring / Miracast Support
Nextview WBNV4K043U 43 inch Ultra HD 4K Smart LED TV,"₹22,850",62,"43 in, LED TV","4K Resolution, 3840 x 2160 pixels","Wifi, Ethernet",Smart TV,ARM Cortex Processor,"3 HDMI Ports, 2 USB Ports",Supports Apps & Games,Screen Mirroring / Miracast Support
Nextview WBNV4K065U 65 inch Ultra HD 4K Smart LED TV,"₹57,850",68,"65 in, LED TV","4K Resolution, 3840 x 2160 pixels","Wifi, Ethernet",Smart TV,ARM Cortex Processor,"3 HDMI Ports, 2 USB Ports",Supports Apps & Games,Screen Mirroring / Miracast Support
Nextview NV24K75S9 75 inch Ultra HD 4K Smart LED TV,"₹1,05,000",76,"75 in, LED TV","4K Resolution, 3840 x 2160 pixels","Wifi, Ethernet",Smart TV,"2 Speakers, 20 w Output","Quad Core Processor, 2 GB RAM, 16 GB Storage","3 HDMI Ports, 2 USB Ports",Supports Apps & Games
Nextview NV2FH43S9 43 inch Full HD Smart LED TV,"₹19,999",51,"43 in, LED TV","Full HD, 1920 x 1080 pixels","Wifi, Ethernet",Smart TV,"2 Speakers, 20 w Output",Quad Core Processor,"3 HDMI Ports, 2 USB Ports",Supports Apps & Games
Nextview NVS24K43S9 43 inch Ultra HD 4K Smart LED TV,"₹21,850",63,"43 in, LED TV","4K Resolution, 3840 x 2160 pixels","Wifi, Ethernet",Smart TV,"2 Speakers, 20 w Output",178 ° Viewing Angle,"2 HDMI Ports, 2 USB Ports",Supports Apps & Games
Nextview NV24K55S9 55 inch Ultra HD 4K Smart LED TV,"₹35,950",69,"55 in, LED TV","4K Resolution, 3840 x 2160 pixels",Wifi,Smart TV,"2 Speakers, 20 w Output","2 GB RAM, 16 GB Storage","3 HDMI Ports, 2 USB Ports",Supports Apps & Games
Nextview NV2FH24S9 24 inch Full HD Smart LED TV,"₹8,500",45,"24 in, LED TV","Full HD, 1920 x 1080 pixels",Wifi,Smart TV,"2 Speakers, 20 w Output","2 HDMI Ports, 2 USB Ports",Screen Mirroring / Miracast Support,60 Hz
TruSense TS3243 32 inch Full HD Smart LED TV,"₹20,000",50,"32 in, LED TV","Full HD, 1920 x 1080 pixels","Wifi, Ethernet",Smart TV,"2 Speakers, 24 w Output","3 HDMI Ports, 2 USB Ports",Supports Apps & Games,Screen Mirroring / Miracast Support
AmazonBasics Fire TV 43 inch Full HD Smart LED TV (2023 Model),"₹20,999",55,"43 in, LED TV","Full HD, 1920 x 1080 pixels",Wifi,Smart TV,"2 Speakers, 20 w Output","ARM Cortex-A35 Processor, 1.5 GB RAM, 8 GB Storage",178 ° Viewing Angle,"3 HDMI Ports, 1 USB Ports"
Westway WEL55SFLK2 55 inch Ultra HD 4K Smart LED TV,"₹29,999",67,"55 in, LED TV","4K Resolution, 3840 x 2160 pixels","Wifi, Ethernet",Smart TV,"1 GB RAM, 8 GB Storage",178 ° Viewing Angle,"2 HDMI Ports, 2 USB Ports",Supports Apps & Games
GARUDA 83228N1 32 inches HD Ready LED TV,"₹7,999",32,"32 in, LED TV",1366 x 768 pixels,"2 HDMI Ports, 2 USB Ports","60 Hz, 16:9 Ratio",,,,
Aiwa 43UHDX3 43 inch Ultra HD 4K Smart LED TV,"₹28,490",61,"43 in, LED TV","4K Resolution, 3840 x 2160 pixels","Wifi, Ethernet",Smart TV,"2 Speakers, 30 w Output","3 HDMI Ports, 2 USB Ports",60 Hz,
Adsun C-3200SF/S 32 inch HD Ready Smart LED TV,"₹9,999",52,"32 in, LED TV",1366 x 768 pixels,"Wifi, Ethernet",Smart TV,"2 Speakers, 20 w Output","1 GB RAM, 8 GB Storage",178 ° Viewing Angle,"2 HDMI Ports, 2 USB Ports"
Haier LE40K7700GA 40 inch Full HD Smart LED TV,"₹28,490",55,"40 in, LED TV","Full HD, 1920 x 1080 pixels","Wifi, Ethernet",Smart TV,"2 Speakers, 20 w Output",176 ° Viewing Angle,"4 HDMI Ports, 2 USB Ports",Supports Apps & Games
Yuwa Y-32 SVS 32 inch HD Ready Smart LED TV,"₹10,449",52,"32 in, LED TV",1366 x 768 pixels,"Wifi, Ethernet",Smart TV,"2 Speakers, 15 w Output","A53 Processor, 5 GB RAM, 8 Storage",178 ° Viewing Angle,"2 HDMI Ports, 2 USB Ports"
PSJ PSJ32N 32 inch Full HD LED TV,"₹7,499",42,"32 in, LED TV","Full HD, 1920 x 1080 pixels",Smart TV: No,"2 Speakers, 30 w Output",178 ° Viewing Angle,"2 HDMI Ports, 2 USB Ports","60 Hz, 16:09 Ratio",
iMee Signature 43SFLVC 43 inch Ultra HD 4K Smart LED TV,"₹25,999",69,"43 in, LED TV","4K Resolution, 3840 x 2160 pixels","Wifi, Ethernet",Smart TV,"4 Speakers, 20 w Output","ARM CORTEX A55 - 4 core Processor, 2 GB RAM, 8 GB Storage",178 ° Viewing Angle,"3 HDMI Ports, 2 USB Ports"
CompaQ HUEQ X 65 inch Ultra HD 4K Smart LED TV (CQV65AX1UD),"₹59,999",71,"65 in, LED TV","4K Resolution, 3840 x 2160 pixels","Wifi, Ethernet",Smart TV,"2 Speakers, 20 w Output",178 ° Viewing Angle,"3 HDMI Ports, 2 USB Ports",Supports Apps & Games
Skytron 32S2B 32 inch HD Ready Smart LED TV,"₹7,884",44,"32 in, LED TV",1366 x 768 pixels,Wifi,Smart TV,"2 Speakers, 24 w Output",178 ° Viewing Angle,"2 HDMI Ports, 2 USB Ports",Supports Apps & Games
TCL P727 55 inch Ultra HD 4K Smart LED TV (55P727),"₹39,499",69,"55 in, LED TV","4K Resolution, 3840 x 2160 pixels","Wifi, Ethernet",Smart TV,"2 Speakers, 24 w Output",64-bit A55×4 1.3GHz Processor,178 ° Viewing Angle,"3 HDMI Ports, 2 USB Ports"
KLASS KLS32SMRTT 32 inch HD Ready Smart LED TV,"₹8,295",40,"32 in, LED TV","HD Ready, 1366 x 720 pixels",Wifi,Smart TV,"2 Speakers, 20 w Output","2 HDMI Ports, 2 USB Ports",Supports Apps & Games,Screen Mirroring / Miracast Support
Skytron S55W2UHFW 55 inch Ultra HD 4K Smart LED TV,"₹29,830",68,"55 in, LED TV","4K Resolution, 3840 x 2160 pixels","Wifi, Ethernet",Smart TV,"2 Speakers, 30 w Output",178 ° Viewing Angle,"3 HDMI Ports, 2 USB Ports",Supports Apps & Games
Samsung 55Q80AAK 55 inch Ultra HD 4K Smart QLED TV (QA55Q80AAKLXL),"₹1,40,990",76,"55 in, QLED TV","4K Resolution, 3840 x 2160 pixels","Wifi, Ethernet",Smart TV,"2 Speakers, 60 w Output",Samsung Quantum Processor 4K Processor,Ultra Slim,"4 HDMI Ports, 2 USB Ports"
DACS SD14X 43 inch Full HD Smart LED TV,"₹19,999",51,"43 in, LED TV","Full HD, 1920 x 1080 pixels",Wifi,Smart TV,"2 Speakers, 20 w Output","1 GB RAM, 8 GB Storage","3 HDMI Ports, 2 USB Ports",Supports Apps & Games
Akai AL32S-FX1WS 32 inch HD Ready Smart LED TV,"₹12,490",52,"32 in, LED TV",1366 x 768 pixels,"Wifi, Ethernet",Smart TV,"2 Speakers, 20 w Output","ARM CA55 Processor, 1.5 GB RAM, 8 GB Storage",178 ° Viewing Angle,"3 HDMI Ports, 2 USB Ports"
Croma CREL055UGA024601 55 inch Ultra HD 4K Smart QLED TV,"₹58,990",70,"55 in, QLED TV","4K Resolution, 3840 x 2160 pixels","Wifi, Ethernet",Smart TV,"2 Speakers, 20 w Output","2 GB RAM, 16 GB Storage","3 HDMI Ports, 2 USB Ports",Supports Apps & Games
Akai AL55U-FX1WS 55 inch Ultra HD 4K Smart LED TV,"₹36,490",70,"55 in, LED TV","4K Resolution, 3840 x 2160 pixels","Wifi, Ethernet",Smart TV,"2 Speakers, 20 w Output","ARM CA55 Processor, 1.5 GB RAM, 8 GB Storage",178 ° Viewing Angle,"3 HDMI Ports, 2 USB Ports"
Akai AL65U-FX1WS 55 inch Ultra HD 4K Smart LED TV,"₹55,990",72,"65 in, LED TV","4K Resolution, 3840 x 2160 pixels","Wifi, Ethernet",Smart TV,"2 Speakers, 20 w Output","ARM CA55 Processor, 1.5 GB RAM, 8 GB Storage",178 ° Viewing Angle,"3 HDMI Ports, 2 USB Ports"
Croma CREL065UGA024601 65 inch Ultra HD 4K Smart QLED TV,"₹79,990",71,"65 in, QLED TV","4K Resolution, 3840 x 2160 pixels","Wifi, Ethernet",Smart TV,"2 Speakers, 20 w Output","2 GB RAM, 16 GB Storage","3 HDMI Ports, 2 USB Ports",Screen Mirroring / Miracast Support
LG B2 65 inch Ultra HD 4K Smart OLED TV (OLED65B2PSA),"₹1,99,999",83,"65 in, OLED TV","4K Resolution, 3840 x 2160 pixels","Wifi, Ethernet",Smart TV,"2 Speakers, 20 w Output",α7 Gen5 AI Processor 4K Processor,"Ultra Slim, 178 ° Viewing Angle","4 HDMI Ports, 2 USB Ports"
Skytron 24N2B 24 Inch HD Ready Smart LED TV,"₹6,364",43,"24 in, LED TV",1366 x 768 pixels,Wifi,Smart TV,"2 Speakers, 20 w Output","512 MB RAM, 4 GB Storage","2 HDMI Ports, 2 USB Ports",Supports Apps & Games
Gangnam Street LEDSTVGG43DN 43 inch Full HD Smart LED TV,"₹16,149",47,"43 in, LED TV","Full HD, 1920 x 1080 pixels",Wifi,Smart TV,"2 Speakers, 24 w Output","2 HDMI Ports, 2 USB Ports",Supports Apps & Games,Screen Mirroring / Miracast Support
Cornea 32CORFLSNB05 32 inch Full HD Smart LED TV,"₹9,990",49,"32 in, LED TV","Full HD, 1920 x 1080 pixels","Wifi, Ethernet",Smart TV,"2 Speakers, 20 w Output","Quad Core Processor, 512 MB RAM, 4 GB Storage",178 ° Viewing Angle,"1 HDMI Ports, 2 USB Ports"
Ossywud OSOM32TV 32 inch HD Ready LED TV,"₹7,855",32,"32 in, LED TV","HD Ready, 1366 x 720 pixels",Smart TV: No,"2 Speakers, 20 w Output","2 HDMI Ports, 2 USB Ports",50 Hz,,
Leema LM2400NFL 24 inch HD Ready LED TV,"₹5,390",28,"24 in, LED TV",1366 x 768 pixels,Smart TV: No,"2 Speakers, 10 w Output","1 HDMI Ports, 2 USB Ports",60 Hz,,
Adsun Frameless A-2400N/F 24 inch HD Ready LED TV,"₹5,799",29,"24 in, LED TV",1366 x 768 pixels,Smart TV: No,"2 Speakers, 20 w Output",178 ° Viewing Angle,"1 HDMI Ports, 1 USB Ports",16:09 Ratio,
Gangnam Street LEDSTVGG40K4HDEKK 39 inch HD Ready Smart LED TV,"₹15,599",43,"39 in, LED TV",1366 x 768 pixels,Wifi,Smart TV,"2 Speakers, 24 w Output","2 HDMI Ports, 2 USB Ports",Supports Apps & Games,Screen Mirroring / Miracast Support
Gangnam Street ATVGG24HDEK 224 inch HD Ready LED TV,"₹5,699",28,"24 in, LED TV",1366 x 768 pixels,Smart TV: No,"2 Speakers, 20 w Output","1 HDMI Ports, 2 USB Ports","60 Hz, 16:09 Ratio",,
Starshine ATPL-3400 32 inch Full HD Smart LED TV,"₹10,449",44,"32 in, LED TV","Full HD, 1920 x 1080 pixels",Wifi,Smart TV,"2 Speakers, 20 w Output","2 HDMI Ports, 2 USB Ports",Supports Apps & Games,"60 Hz, 16:9 Ratio"
Itel A2410IE 24 inch HD Ready LED TV,"₹8,499",28,"24 in, LED TV",1366 x 768 pixels,Smart TV: No,"2 Speakers, 16 w Output","2 HDMI Ports, 2 USB Ports",60 Hz,,
Adsun A-3200F/N 32 inch HD Ready LED TV,"₹6,999",36,"32 in, LED TV",1366 x 768 pixels,Smart TV: No,"2 Speakers, 20 w Output",178 ° Viewing Angle,"2 HDMI Ports, 2 USB Ports","60 Hz, 16:09 Ratio",
SPL 504K 50 inch Ultra HD 4K Smart LED TV,"₹26,990",67,"50 in, LED TV","4K Resolution, 3840 x 2160 pixels","Wifi, Ethernet",Smart TV,"2 Speakers, 20 w Output",178 ° Viewing Angle,"3 HDMI Ports, 2 USB Ports",Screen Mirroring / Miracast Support
SPL 4309S 43 inch Full HD Smart LED TV,"₹14,590",52,"43 in, LED TV","Full HD, 1920 x 1080 pixels","Wifi, Ethernet",Smart TV,"2 Speakers, 20 w Output",178 ° Viewing Angle,"2 HDMI Ports, 2 USB Ports",Screen Mirroring / Miracast Support
TruSense TS 3200 Premium 32 inch Full HD Smart LED TV,"₹12,999",47,"32 in, LED TV","Full HD, 1920 x 1080 pixels","Wifi, Ethernet",Smart TV,"2 Speakers, 20 w Output",512 MB RAM,178 ° Viewing Angle,"2 HDMI Ports, 2 USB Ports"
Samsung 43TE50F 43 inches Full HD Smart LED TV,"₹28,990",46,"43 in, LED TV","Full HD, 1920 x 1080 pixels",Wifi,Smart TV,"2 Speakers, 20 w Output","2 HDMI Ports, 1 USB Ports",Supports Apps & Games,Screen Mirroring / Miracast Support
VW Frameless VW24AFL 24 inches HD Ready LED TV,"₹5,999",32,"24 in, LED TV",1366 x 768 pixels,"2 Speakers, 20 w Output",178 ° Viewing Angle,"2 HDMI Ports, 2 USB Ports","60 Hz, 16:9 Ratio",,
Dot One 40S.1-FRC9 40 inches HD Ready Smart LED TV,"₹14,589",46,"40 in, LED TV",1366 x 768 pixels,Wifi,Smart TV,"2 Speakers, 20 w Output","1 GB RAM, 8 GB Storage",178 ° Viewing Angle,"2 HDMI Ports, 2 USB Ports"
Huawei Smart Screen V 65 inch Ultra HD 4K Smart LED TV,"₹75,990",86,"65 in, LED TV","4K Resolution, 3840 x 2160 pixels","Wifi, Ethernet",Smart TV,"50 Speakers, 25 w Output","Octa Core Processor, 6 GB RAM, 64 GB Storage",178 ° Viewing Angle,"3 HDMI Ports, 2 USB Ports"
Huawei Smart Screen V 75 inch Ultra HD 4K Smart LED TV,"₹89,990",82,"75 in, LED TV","4K Resolution, 3840 x 2160 pixels","Wifi, Ethernet",Smart TV,"2 Speakers, 50 w Output","Hexa Core Processor, 6 GB RAM, 64 GB Storage",178 ° Viewing Angle,"3 HDMI Ports, 2 USB Ports"
Onida Fire 55UIF1 55 inch Ultra HD 4K Smart LED TV,"₹34,999",65,"55 in, LED TV","4K Resolution, 3840 x 2160 pixels","Wifi, Ethernet",Smart TV,"2 Speakers, 20 w Output","1.5 GB RAM, 8 GB Storage",178 ° Viewing Angle,"2 HDMI Ports, 1 USB Ports"
Onida Fire 43UIF 43 inch Ultra HD 4K Smart LED TV,"₹24,999",63,"43 in, LED TV","4K Resolution, 3840 x 2160 pixels","Wifi, Ethernet",Smart TV,"2 Speakers, 20 w Output","1.5 GB RAM, 8 GB Storage",178 ° Viewing Angle,"2 HDMI Ports, 1 USB Ports"
Onida 50UIF 50 inch Ultra HD 4K Smart LED TV,"₹29,999",64,"50 in, LED TV","4K Resolution, 3840 x 2160 pixels","Wifi, Ethernet",Smart TV,"2 Speakers, 20 w Output","1.5 GB RAM, 8 GB Storage",178 ° Viewing Angle,"2 HDMI Ports, 1 USB Ports"
TCL CF6 Series 55 inch Ultra HD 4K Smart QLED TV,"₹36,990",67,"55 in, QLED TV","4K Resolution, 3840 x 2160 pixels","Wifi, Ethernet",Smart TV,"2 Speakers, 24 w Output",178 ° Viewing Angle,"2 HDMI Ports, 2 USB Ports",Supports Apps & Games
TCL CF6 Series 50 inch Ultra HD 4K Smart QLED TV,"₹33,760",65,"50 in, QLED TV","4K Resolution, 3840 x 2160 pixels","Wifi, Ethernet",Smart TV,"2 Speakers, 24 w Output",178 ° Viewing Angle,"2 HDMI Ports, 2 USB Ports",Supports Apps & Games
Panasonic TH-65LX850DX 65 inch Ultra HD 4K Smart LED TV,"₹96,719",78,"65 in, LED TV","4K Resolution, 3840 x 2160 pixels","Wifi, Ethernet",Smart TV,"2 Speakers, 20 w Output","2 GB RAM, 32 GB Storage",178 ° Viewing Angle,"3 HDMI Ports, 2 USB Ports"
Dyanora DY-LD32H4S 32 inch HD Ready Smart LED TV,"₹8,259",48,"32 in, LED TV",1366 x 768 pixels,"Wifi, Ethernet",Smart TV,"2 Speakers, 30 w Output","Quad Core Processor-A35 x 4 Processor, 512 MB RAM, 4 GB Storage",178 ° Viewing Angle,"2 HDMI Ports, 2 USB Ports"
Ossywud OSOM32TVSMBZ 32 Inches HD Ready Smart LED TV,"₹9,995",53,"32 in, LED TV",1366 x 768 pixels,"Wifi, Ethernet",Smart TV,"2 Speakers, 20 w Output","1 GB RAM, 8 GB Storage",178 ° Viewing Angle,"2 HDMI Ports, 2 USB Ports"
Teddy Bear TD3200N 32 Inch HD Ready Smart LED TV,"₹9,990",48,"32 in, LED TV",1366 x 768 pixels,"Wifi, Ethernet",Smart TV,"2 Speakers, 20 w Output","1 GB RAM, 8 GB Storage",178 ° Viewing Angle,"2 HDMI Ports, 2 USB Ports"
Intex LED-3243 32 inch HD Ready LED TV,"₹9,999",34,"32 in, LED TV",1366 x 768 pixels,"2 Speakers, 24 w Output",178 ° Viewing Angle,"2 HDMI Ports, 2 USB Ports","60 Hz, 16:9 Ratio",,
Cornea Frameless ‎85CORFLS05 85 inch Ultra HD 4K Smart LED TV,"₹1,93,999",81,"85 in, LED TV","4K Resolution, 3840 x 2160 pixels","Wifi, Ethernet",Smart TV,"2 Speakers, 30 w Output","Quad Core Processor, 2 GB RAM, 16 GB Storage",178 ° Viewing Angle,"3 HDMI Ports, 2 USB Ports"
Coocaa 43Z72 43 inch Full HD Smart LED Google TV,"₹18,999",52,"43 in, LED TV","Full HD, 1920 x 1080 pixels","Wifi, Ethernet",Smart TV,"2 Speakers, 20 w Output",Quad Core Cortex A55*4 - 1.5GHz Processor,178 ° Viewing Angle,"2 HDMI Ports, 2 USB Ports"
Lloyd 55US850D 55 Inch Ultra HD 4K Smart LED TV,"₹47,900",64,"55 in, LED TV","4K Resolution, 3840 x 2160 pixels",Wifi,Smart TV,"2 Speakers, 20 w Output",AI Quad Core Processor,178 ° Viewing Angle,"3 HDMI Ports, 2 USB Ports"
T-Series 32TWO 300H 32 inch HD Ready Smart LED TV,"₹12,490",46,"32 in, LED TV",1366 x 768 pixels,"Wifi, Ethernet",Smart TV,"2 Speakers, 6 w Output","5 MB RAM, 8 GB Storage",178 ° Viewing Angle,"3 HDMI Ports, 2 USB Ports"
Xiaomi Redmi A70 70 inch Ultra HD 4K Smart LED TV,"₹2,59,990",78,"70 in, LED TV","4K Resolution, 3840 x 2160 pixels","Wifi, Ethernet",Smart TV,"2 Speakers, 20 w Output",A35 processor Processor,178 ° Viewing Angle,"2 HDMI Ports, 2 USB Ports"
Cellecor E32V 32 inch Full HD Smart LED TV,"₹9,899",47,"32 in, LED TV","Full HD, 1920 x 1080 pixels","Wifi, Ethernet",Smart TV,"2 Speakers, 48 w Output",178 ° Viewing Angle,"2 HDMI Ports, 2 USB Ports",Screen Mirroring / Miracast Support
T-Series S-32A 32 inch HD Ready 3D Smart LED TV,"₹11,490",42,"32 in, LED TV",1366 x 768 pixels,"Wifi, Ethernet",Smart TV,"2 Speakers, 1 w Output",178 ° Viewing Angle,"2 HDMI Ports, 2 USB Ports",Screen Mirroring / Miracast Support
T-Series TX-24BIS 24 inch HD Ready LED TV,"₹7,490",31,"24 in, LED TV",1366 x 768 pixels,Smart TV: No,"2 Speakers, 16 w Output",178 ° Viewing Angle,"3 HDMI Ports, 2 USB Ports","50 Hz, 16:9 Ratio",
Intex WOS6501U 65 inch Ultra HD 4K Smart LED TV,"₹58,999",71,"65 in, LED TV","4K Resolution, 3840 x 2160 pixels","Wifi, Ethernet",Smart TV,"2 Speakers, 20 w Output","1.5 GB RAM, 8 GB Storage",178 ° Viewing Angle,3 HDMI Ports
Croma CREL039HBD024601 39 Inch HD Ready LED TV,"₹12,990",34,"39 in, LED TV",1366 x 768 pixels,Smart TV: No,20 w Output,178 ° Viewing Angle,"2 HDMI Ports, 2 USB Ports",Screen Mirroring / Miracast Support,"60 Hz, 16:09 Ratio"
Onida 43FIF3 43-inch Full HD Smart LED TV,"₹21,990",56,"43 in, LED TV","Full HD, 1920 x 1080 pixels","Wifi, Ethernet",Smart TV,"2 Speakers, 20 w Output","2.0 GHz Quad core processor Processor, 1.5 GB RAM, 8 GB Storage",178 ° Viewing Angle,"3 HDMI Ports, 1 USB Ports"
Xiaomi TV Q2 65 inch Ultra HD 4K Smart LED TV,"₹40,999",74,"65 in, LED TV","4K Resolution, 3840 x 2160 pixels","Wifi, Ethernet",Smart TV,"2 Speakers, 30 w Output","Quad A55 Processor, 2 GB RAM, 16 GB Storage",178 ° Viewing Angle,"3 HDMI Ports, 2 USB Ports"
Intex WOS5507U 55 inch Ultra HD 4K Smart LED TV,"₹36,999",73,"55 in, LED TV","4K Resolution, 3840 x 2160 pixels","Wifi, Ethernet",Smart TV,"2 Speakers, 20 w Output","1.5 GB RAM, 8 GB Storage",178 ° Viewing Angle,"3 HDMI Ports, 2 USB Ports"
Acer XL Series AR70AR2851UD 70 inch Ultra HD 4K Smart LED TV,"₹69,999",76,"70 in, LED TV","4K Resolution, 3840 x 2160 pixels","Wifi, Ethernet",Smart TV,"2 GB RAM, 16 GB Storage",178 ° Viewing Angle,"3 HDMI Ports, 2 USB Ports",Screen Mirroring / Miracast Support
InnoQ Frameless IN32-FSDLX 32 inch HD Ready Smart LED TV,"₹7,990",46,"32 in, LED TV",1366 x 768 pixels,"Wifi, Ethernet",Smart TV,"2 Speakers, 20 w Output",178 ° Viewing Angle,"2 HDMI Ports, 2 USB Ports",Screen Mirroring / Miracast Support
UTL ‎STV02 40 inch Solar Smart LED TV,"₹17,999",42,"40 in, LED TV",1366 x 768 pixels,"Wifi, Ethernet",Smart TV,"2 Speakers, 50 w Output",178 ° Viewing Angle,2 USB Ports,Screen Mirroring / Miracast Support
Power Guard PG32S1 32-inch HD Ready LED Smart TV,"₹8,999",48,"32 in, LED TV",1366 x 768 pixels,"Wifi, Ethernet",Smart TV,"2 Speakers, 20 w Output",178 ° Viewing Angle,"2 HDMI Ports, 2 USB Ports",Supports Apps & Games
NDGO N-24 24 inch HD Ready LED TV,"₹9,999",34,"24 in, LED TV","HD Ready, 1280 x 720 pixels","Wifi, Ethernet",Smart TV: No,"2 Speakers, 20 w Output",178 ° Viewing Angle,"1 HDMI Ports, 2 USB Ports",Screen Mirroring / Miracast Support
NDGO N-43FL 43 inch Ultra HD 4K Smart LED TV,"₹24,999",60,"43 in, LED TV","4K Resolution, 3860 x 2160 pixels","Wifi, Ethernet",Smart TV,"2 Speakers, 30 w Output",178 ° Viewing Angle,"2 HDMI Ports, 2 USB Ports",Screen Mirroring / Miracast Support
Feltron FT-4309(S) 43 inch Full HD Smart LED TV,"₹21,990",47,"43 in, LED TV","Full HD, 1920 x 1080 pixels",Wifi,Smart TV,"2 Speakers, 20 w Output","Quad - Core Processor Processor, 1 GB RAM",178 ° Viewing Angle,"2 HDMI Ports, 2 USB Ports"
VW VW3251 32 inch HD Ready Smart LED TV,"₹8,499",43,"32 in, LED TV",1366 x 768 pixels,Wifi,Smart TV,"2 Speakers, 20 w Output",178 ° Viewing Angle,"2 HDMI Ports, 2 USB Ports",3D TV: No
CompaQ HUEQ A CQW32HD 32 Inch HD Ready Smart LED TV,"₹12,074",49,"32 in, LED TV",1366 x 768 pixels,"Wifi, Ethernet",Smart TV,"2 Speakers, 20 w Output",178 ° Viewing Angle,"3 HDMI Ports, 2 USB Ports","60 Hz, 16:09 Ratio"
Compaq HUEQ A CQW55UD 55 Inch Ultra HD 4K Smart LED TV,"₹33,599",67,"55 in, LED TV","4K Resolution, 3840 x 2160 pixels","Wifi, Ethernet",Smart TV,"2 Speakers, 20 w Output",178 ° Viewing Angle,"3 HDMI Ports, 2 USB Ports",Screen Mirroring / Miracast Support
iMee Signature 65SFLVC 65 inch Ultra HD 4K Smart LED TV,"₹59,999",76,"65 in, LED TV","4K Resolution, 3840 x 2160 pixels","Wifi, Ethernet",Smart TV,"4 Speakers, 20 w Output","ARM CORTEX A55 - 4 core Processor, 2 GB RAM, 16 GB Storage",178 ° Viewing Angle,"3 HDMI Ports, 2 USB Ports"
Compaq HUEQ X 43 inch Ultra HD 4K Smart LED TV (CQV43AX1UD),"₹26,999",63,"43 in, LED TV","4K Resolution, 3840 x 2160 pixels","Wifi, Ethernet",Smart TV,"2 Speakers, 24 w Output",178 ° Viewing Angle,"2 HDMI Ports, 2 USB Ports",Screen Mirroring / Miracast Support
Compaq CQV40AX1FD 40 inch Full HD Smart LED TV,"₹18,999",51,"40 in, LED TV","Full HD, 1920 x 1080 pixels","Wifi, Ethernet",Smart TV,"2 Speakers, 24 w Output",178 ° Viewing Angle,"2 HDMI Ports, 2 USB Ports",Screen Mirroring / Miracast Support
CompaQ HUEQ X 43 Inch Full HD Smart LED TV (CQ4300FHDAB),"₹20,999",53,"43 in, LED TV","Full HD, 1920 x 1080 pixels","Wifi, Ethernet",Smart TV,"2 Speakers, 24 w Output",178 ° Viewing Angle,"3 HDMI Ports, 2 USB Ports",Screen Mirroring / Miracast Support
Skytron S32NFH 32 Inch HD Ready LED TV,"₹6,839",32,"32 in, LED TV",1366 x 768 pixels,"2 Speakers, 20 w Output",180 ° Viewing Angle,"2 HDMI Ports, 2 USB Ports","60 Hz, 16:9 Ratio",,
Skytron S43UHSC 43 Inch Ultra HD 4K Smart LED TV,"₹18,144",60,"43 in, LED TV","4K Resolution, 3840 x 2160 pixels",Smart TV,"2 Speakers, 24 w Output","1 GB RAM, 8 GB Storage",180 ° Viewing Angle,"3 HDMI Ports, 2 USB Ports",Supports Apps & Games
CompaQ HUEQ X 50 Inch Ultra HD 4K Smart LED TV,"₹32,999",62,"50 in, LED TV","4K Resolution, 3840 x 2160 pixels","Wifi, Ethernet",Smart TV,"2 Speakers, 24 w Output",178 ° Viewing Angle,"3 HDMI Ports, 2 USB Ports",60 Hz
Westinghouse WH32SP17 32 inches HD Ready Smart LED TV,"₹7,999",45,"32 in, LED TV",1366 x 768 pixels,"Wifi, Ethernet",Smart TV,"2 Speakers, 30 w Output","Quad Core Processor, 512 MB RAM, 4 GB Storage","3 HDMI Ports, 2 USB Ports",Supports Apps & Games
NVY NVA43SFR1 43 Inch Full HD Smart LED TV,"₹17,990",49,"42.91 in, LED TV","Full HD, 1920 x 1080 pixels",Wifi,Smart TV,"2 Speakers, 20 w Output","64-bit Processor, 1 GB RAM",178 ° Viewing Angle,"3 HDMI Ports, 2 USB Ports"
Feltron SFL 32 inch HD Ready Smart LED TV (FT-3209SFL),"₹12,990",41,"31.5 in, LED TV",1366 x 768 pixels,"Wifi, Ethernet",Smart TV,"2 Speakers, 20 w Output","Dual - Core Processor Processor, 512 MB RAM",178 ° Viewing Angle,"1 HDMI Ports, 2 USB Ports"
Compaq CQV32HDS 32 inch HD Ready Smart LED TV,"₹10,999",41,"31.5 in, LED TV",1366 x 768 pixels,Wifi,Smart TV,"2 Speakers, 24 w Output",178 ° Viewing Angle,"2 HDMI Ports, 2 USB Ports",Screen Mirroring / Miracast Support
Dyanora Omega DY-LD55U2S-001 55 inch Ultra HD 4K Smart LED TV,"₹31,699",72,"56 in, LED TV","4K Resolution, 3840 x 2160 pixels","Wifi, Ethernet",Smart TV,"2 Speakers, 60 w Output","Quad Core Processor, 2 GB RAM, 16 GB Storage",178 ° Viewing Angle,"3 HDMI Ports, 2 USB Ports"
Compaq CQW32HDNS 32 inch HD Ready LED TV,"₹7,349",33,"32 in, LED TV",1366 x 768 pixels,Smart TV: No,"2 Speakers, 24 w Output",178 ° Viewing Angle,"2 HDMI Ports, 2 USB Ports","60 Hz, 16:09 Ratio",
MarQ By Flipkart 24HDNDQPPAB 24-inch HD Ready LED TV,"₹5,499",32,"24 in, LED TV",1366 x 768 pixels,Smart TV: No,"2 Speakers, 24 w Output",178 ° Viewing Angle,"2 HDMI Ports, 2 USB Ports","60 Hz, 16:9 Ratio",
Kodak 65MT5033 65 inch Ultra HD 4K Smart LED TV,"₹59,999",69,"65 in, QLED TV","4K Resolution, 3840 x 2160 pixels",Wifi,Smart TV,"2 Speakers, 40 w Output",16 GB Storage,178 ° Viewing Angle,"3 HDMI Ports, 2 USB Ports"
Akai AKLT32N-FL53W 32-inch HD Ready LED TV,"₹9,999",28,"32 in, LED TV",1366 x 768 pixels,Smart TV: No,"2 Speakers, 20 w Output",Mali-450 GPU Processor,178 ° Viewing Angle,2 USB Ports,"60 Hz, 16:9 Ratio"
Power Guard PG50F4K 50 inch Frameless Ultra HD 4K Smart LED TV,"₹25,999",73,"50 in, LED TV","4K Resolution, 3840 x 2160 pixels","Wifi, Ethernet",Smart TV,"2 Speakers, 24 w Output","2 GB RAM, 16 GB Storage",178 ° Viewing Angle,"3 HDMI Ports, 2 USB Ports"
Motorola Revou 2 32HDADMVVEE 32 inch HD Ready Smart LED TV (Sound by boAt),"₹12,999",49,"32 in, LED TV",1366 x 768 pixels,Wifi,Smart TV,"2 Speakers, 24 w Output","Quad core Processor, 1 GB RAM, 8 GB Storage",178 ° Viewing Angle,"3 HDMI Ports, 2 USB Ports"
Acer AR65AR2851UDSB  65 inch Ultra HD 4K Smart LED TV,"₹59,999",75,"65 in, LED TV","4K Resolution, 3840 x 2160 pixels","Wifi, Ethernet",Smart TV,"2 Speakers, 50 w Output","Quad Core Processor, 2 GB RAM, 16 GB Storage",178 ° Viewing Angle,"3 HDMI Ports, 2 USB Ports"
Blaupunkt 65QD7030 65-inch 4K Ultra HD Smart QLED TV,"₹63,999",73,"65 in, QLED TV","4K Resolution, 3840 x 2160 pixels",Wifi,Smart TV,"4 Speakers, 60 w Output",16 GB Storage,178 ° Viewing Angle,"3 HDMI Ports, 2 USB Ports"
Blaupunkt 75CSA7080 75 Inch 4K Ultra HD LED Smart TV,"₹89,999",77,"75 in, LED TV","4K Resolution, 3840 x 2160 pixels",Wifi,Smart TV,"4 Speakers, 60 w Output","2 GB RAM, 32 GB Storage",178 ° Viewing Angle,"3 HDMI Ports, 2 USB Ports"
Leema LM2400S 24-inch HD Ready Smart LED TV,"₹6,290",34,"24 in, LED TV",1366 x 768 pixels,Wifi,Smart TV,8 w Output,"1 HDMI Ports, 2 USB Ports",60 Hz,
Philips 8100 50 inch Ultra HD 4K Smart LED TV (50PUT8115/94),"₹42,999",70,"50 in, LED TV","4K Resolution, 3840 x 2160 pixels","Wifi, Ethernet",Smart TV,"2 Speakers, 20 w Output","ARM CA53 Quad core Processor, 8 GB RAM, 4 GB Storage",178 ° Viewing Angle,"4 HDMI Ports, 2 USB Ports"
Onida Fire 32HIZ-R1 32 inch HD Ready Smart LED TV,"₹14,999",39,"32 in, LED TV",1366 x 768 pixels,Smart TV,"2 Speakers, 16 w Output",178 ° Viewing Angle,"3 HDMI Ports, 1 USB Ports",Screen Mirroring / Miracast Support,60 Hz
LG 24LP520V 24 inch HD Ready LED TV,"₹11,439",26,"24 in, LED TV",1366 x 768 pixels,Smart TV: No,"2 Speakers, 10 w Output",8 ° Viewing Angle,"1 HDMI Ports, 1 USB Ports","60 Hz, 16:9 Ratio",
iMee Premium 24N 24 inch HD Ready Smart LED TV,"₹8,499",39,"24 in, LED TV",1366 x 768 pixels,"Wifi, Ethernet",Smart TV,"2 Speakers, 20 w Output",178 ° Viewing Angle,"1 HDMI Ports, 1 USB Ports",Screen Mirroring / Miracast Support
Panasonic TH-65LX700DX 65 Inch Ultra HD 4K Smart LED TV,"₹74,000",63,"55 in, LED TV","4K Resolution, 3840 x 2160 pixels","Wifi, Ethernet",Smart TV,"2 Speakers, 20 w Output",2 GB RAM,178 ° Viewing Angle,"1 HDMI Ports, 1 USB Ports"
Leema LM-5500S 55 inch Ultra HD 4K Smart LED TV,"₹32,499",64,"55 in, LED TV","4K Resolution, 3840 x 2160 pixels",Wifi,Smart TV,"2 Speakers, 28 w Output","1 GB RAM, 8 GB Storage",178 ° Viewing Angle,"2 HDMI Ports, 2 USB Ports"
Coocaa 65Y72 Frameless Series 55-inch Ultra HD 4K Smart LED TV,"₹53,999",73,"65 in, LED TV","4K Resolution, 3840 x 2160 pixels","Wifi, Ethernet",Smart TV,"2 Speakers, 30 w Output","2 GB RAM, 16 GB Storage",178 ° Viewing Angle,"3 HDMI Ports, 2 USB Ports"
Hisense E8H 65 inch Ultra HD 4K XDR-level LED TV,"₹79,999",64,"65 in, LED TV","4K Resolution, 3480 x 2160 pixels","Wifi, Ethernet",Smart TV,25 w Output,4 GB RAM,178 ° Viewing Angle,Supports Apps & Games
Acer 55UHD H Series 55 inch Ultra HD 4K Smart LED TV,"₹39,999",75,"55 in, LED TV","4K Resolution, 3840 x 2160 pixels","Wifi, Ethernet",Smart TV,"2 Speakers, 60 w Output","2 GB RAM, 16 GB Storage",178 ° Viewing Angle,"3 HDMI Ports, 2 USB Ports"
Acer 65UHD S Series 65 inch Ultra HD 4K Smart LED TV,"₹64,999",77,"65 in, LED TV","4K Resolution, 3840 x 2160 pixels","Wifi, Ethernet",Smart TV,"2 Speakers, 50 w Output","2 GB RAM, 16 GB Storage",178 ° Viewing Angle,"3 HDMI Ports, 2 USB Ports"
LG Nano75 86 inch Ultra HD 4K Smart LED TV (86NANO75SQA),"₹4,69,990",79,"86 in, LED TV","4K Resolution, 3840 x 2160 pixels","Wifi, Ethernet",Smart TV,"2 Speakers, 20 w Output",Intelligent Quad Core Processor 4K Processor,178 ° Viewing Angle,"3 HDMI Ports, 2 USB Ports"
LG Nano75 65NANO75SQA 65-inch Ultra HD 4K Smart LED TV,"₹1,14,990",76,"65 in, LED TV","4K Resolution, 3840 x 2160 pixels","Wifi, Ethernet",Smart TV,"2 Speakers, 20 w Output",Intelligent Quad Core Processor 4K Processor,178 ° Viewing Angle,"3 HDMI Ports, 2 USB Ports"
Thomson Q65H1100 65 inch Ultra HD 4K Smart LED TV,"₹56,999",75,"65 in, LED TV","4K Resolution, 3840 x 2160 pixels","Wifi, Ethernet",Smart TV,"2 Speakers, 40 w Output","1 GB RAM, 16 GB Storage",178 ° Viewing Angle,"3 HDMI Ports, 2 USB Ports"
Sansui JSK32ASHD 32 inch HD Ready Smart LED TV,"₹9,990",48,"32 in, LED TV",1366 x 768 pixels,"Wifi, Ethernet",Smart TV,"2 Speakers, 20 w Output","Quad Core Processor, 1 GB RAM, 8 GB Storage",178 ° Viewing Angle,"2 HDMI Ports, 2 USB Ports"
Xiaomi Redmi L65M6-RA 65 inch Ultra HD 4K Smart LED TV,"₹64,990",72,"65 in, LED TV","4K Resolution, 3840 x 2160 pixels","Wifi, Ethernet",Smart TV,"2 Speakers, 30 w Output","Quad Core A55 Processor, 2 GB RAM",178 ° Viewing Angle,"3 HDMI Ports, 2 USB Ports"
Croma EL7365 43 inch Full HD Smart LED TV,"₹23,990",56,"43 in, LED TV","Full HD, 1920 x 1080 pixels","Wifi, Ethernet",Smart TV,"2 Speakers, 20 w Output","1 GB RAM, 8 GB Storage",178 ° Viewing Angle,"2 HDMI Ports, 2 USB Ports"
Salora SLV 4431SH 43 inch Full HD Smart LED TV,"₹18,999",52,"43 in, LED TV","Full HD, 1920 x 1080 pixels","Wifi, Ethernet",Smart TV,"2 Speakers, 20 w Output","1 GB RAM, 8 GB Storage",178 ° Viewing Angle,"2 HDMI Ports, 2 USB Ports"
Salora SLV 4324SL 32 inch HD Ready Smart LED TV,"₹12,999",48,"32 in, LED TV",1366 x 768 pixels,"Wifi, Ethernet",Smart TV,"2 Speakers, 16 w Output","Quad Core Processor Processor, 1 GB RAM, 8 GB Storage",178 ° Viewing Angle,"2 HDMI Ports, 2 USB Ports"
Candes CTPL43EF1SU4K 43 inch Ultra HD 4K Smart LED TV,"₹18,790",63,"43 in, LED TV","4K Resolution, 3840 x 2160 pixels","Wifi, Ethernet",Smart TV,"2 Speakers, 24 w Output",1 GB RAM,178 ° Viewing Angle,"3 HDMI Ports, 2 USB Ports"
iFFALCON 55H82 55 inch Ultra HD 4K Smart QLED TV,"₹90,999",76,"55 in, QLED TV","4K Resolution, 3840 x 2160 pixels","Wifi, Ethernet",Smart TV,"2 Speakers, 50 w Output","64 bit A73 Processor, 3 GB RAM, 32 GB Storage",178 ° Viewing Angle,"4 HDMI Ports, 2 USB Ports"
VG VG32HB501E 32 inch HD Ready LED TV,"₹7,690",36,"32 in, LED TV",1366 x 768 pixels,Wifi,Smart TV: No,"2 Speakers, 24 w Output",178 ° Viewing Angle,"2 HDMI Ports, 2 USB Ports","60 Hz, 16:09 Ratio"
VG VG32HC441E 32-inch HD Ready Smart LED TV,"₹9,990",44,"32 in, LED TV",1366 x 768 pixels,Ethernet,Smart TV,"2 Speakers, 24 w Output","1 GB RAM, 8 GB Storage",178 ° Viewing Angle,"2 HDMI Ports, 2 USB Ports"
Yuwa FL Series Y-32S-FL Smart 32 inch HD Ready Smart LED TV,"₹8,385",44,"32 in, LED TV",1366 x 768 pixels,"Wifi, Ethernet",Smart TV,"2 Speakers, 20 w Output",A53*4 Processor,178 ° Viewing Angle,"2 HDMI Ports, 2 USB Ports"
Hyundai SMTHY43FHDWSBYI5 43 inch Full HD Smart LED TV,"₹23,990",52,"43 in, LED TV","Full HD, 1920 x 1080 pixels","Wifi, Ethernet",Smart TV,"2 Speakers, 20 w Output","1 GB RAM, 8 GB Storage",178 ° Viewing Angle,"2 HDMI Ports, 2 USB Ports"
Hyundai SMTHY32ECVRY1W 32 inch HD Ready Smart LED TV,"₹11,990",47,"32 in, LED TV",1366 x 768 pixels,"Wifi, Ethernet",Smart TV,"2 Speakers, 20 w Output","1 GB RAM, 8 GB Storage",178 ° Viewing Angle,"2 HDMI Ports, 2 USB Ports"
Kevin KN32A1 Frameless Series 32 Inch HD Ready LED Smart TV,"₹8,499",47,"32 in, LED TV",1366 x 768 pixels,"Wifi, Ethernet",Smart TV,"2 Speakers, 20 w Output","512 MB RAM, 4 GB Storage",178 ° Viewing Angle,"2 HDMI Ports, 2 USB Ports"
NVY NVA32BFR1 32-inch HD Ready LED TV,"₹7,990",34,"32 in, LED TV",1366 x 768 pixels,Ethernet,Smart TV: No,"2 Speakers, 20 w Output",178 ° Viewing Angle,"2 HDMI Ports, 2 USB Ports","60 Hz, 16:09 Ratio"
Karbon KJW24NSHD 24 inch HD Ready LED TV,"₹5,499",33,"24 in, LED TV",1366 x 768 pixels,Ethernet,Smart TV: No,"2 Speakers, 20 w Output",178 ° Viewing Angle,"2 HDMI Ports, 2 USB Ports","60 Hz, 16:09 Ratio"
Toshiba 32V35KP 32 inch HD Ready Smart LED TV,"₹13,990",49,"31.5 in, LED TV",1366 x 768 pixels,"Wifi, Ethernet",Smart TV,"2 Speakers, 20 w Output","CA55*4@1.15GHz Processor, 1 GB RAM, 8 GB Storage",178 ° Viewing Angle,"2 HDMI Ports, 2 USB Ports"
TCL 50P735 50 Inch Ultra HD 4K Smart LED TV,"₹38,990",61,"50 in, LED TV","4K Resolution, 3840 x 2160 pixels",Wifi,Smart TV,"2 Speakers, 30 w Output",178 ° Viewing Angle,"3 HDMI Ports, 1 USB Ports",Screen Mirroring / Miracast Support
TCL 65C635 65 Inch Ultra HD 4K Smart QLED TV,"₹75,990",67,"65 in, LED TV","4K Resolution, 3480 x 2160 pixels","Wifi, Ethernet",Smart TV,"2 Speakers, 30 w Output",178 ° Viewing Angle,"3 HDMI Ports, 2 USB Ports",Supports Apps & Games
TCL 43P735 43 Inch Ultra HD 4K Smart LED TV,"₹30,990",60,"43 in, LED TV","4K Resolution, 3840 x 2160 pixels",Wifi,Smart TV,"2 Speakers, 24 w Output",178 ° Viewing Angle,"3 HDMI Ports, 1 USB Ports",Screen Mirroring / Miracast Support
TCL 65P735 65 Inch Ultra HD 4K Smart LED TV,"₹54,990",65,"65 in, LED TV","4K Resolution, 3840 x 2160 pixels",Wifi,Smart TV,"2 Speakers, 30 w Output",178 ° Viewing Angle,"3 HDMI Ports, 1 USB Ports",Screen Mirroring / Miracast Support
TCL 55C835 55 inch Ultra HD 4K Smart LED TV,"₹99,990",80,"55 in, LED TV","4K Resolution, 3480 x 2160 pixels","Wifi, Ethernet",Smart TV,"60 Watts Output, ONKYO Speaker with Built-in 20 W Subwoofer Speakers, 60 w Output","3 GB RAM, 32 GB Storage",178 ° Viewing Angle,"4 HDMI Ports, 2 USB Ports"
Karbon KJW32NSHD 32 inch HD Ready LED TV,"₹7,999",37,"32 in, LED TV",1366 x 768 pixels,Smart TV: No,"2 Speakers, 20 w Output",178 ° Viewing Angle,"2 HDMI Ports, 2 USB Ports","60 Hz, 16:09 Ratio",
LG 55A2PSA 55 inch Ultra HD 4K Smart OLED TV,"₹1,04,990",71,"55 in, OLED TV","4K Resolution, 3840 x 2160 pixels","Wifi, Ethernet",Smart TV,"2 Speakers, 20 w Output",α7 Gen5 AI Processor 4K Processor,178 ° Viewing Angle,"3 HDMI Ports, 2 USB Ports"
Croma CREL043UOA024601 43-Inch Ultra HD 4K Smart LED TV,"₹28,990",67,"43 in, LED TV","4K Resolution, 3840 x 2160 pixels","Wifi, Ethernet",Smart TV,"2 Speakers, 20 w Output","2 GB RAM, 8 GB Storage",178 ° Viewing Angle,"3 HDMI Ports, 2 USB Ports"
Samsung Neo QA65QN700BKXXL 65-inch Ultra HD 8K Smart QLED TV,"₹3,14,990",89,"65 in, QLED TV","8K Resolution, 7680 x 4320 pixels","Wifi, Ethernet",Smart TV,"4 Speakers, 60 w Output",Neural Quantum Processor Lite 8K Processor,"Ultra Slim, 178 ° Viewing Angle","4 HDMI Ports, 3 USB Ports"
Candy C43KA66 43 Inch Full HD LED Smart TV,"₹17,500",58,"43 in, LED TV","Full HD, 1920 x 1080 pixels","Wifi, Ethernet",Smart TV,"2 Speakers, 20 w Output",32 GB Storage,178 ° Viewing Angle,"3 HDMI Ports, 2 USB Ports"
Westinghouse WH50UD82 50 Inch Ultra HD 4K Smart LED TV,"₹24,499",71,"50 in, LED TV","4K Resolution, 3840 x 2160 pixels","Wifi, Ethernet",Smart TV,"2 Speakers, 40 w Output","ARM Cortex-A53 Processor, 2 GB RAM, 8 GB Storage",178 ° Viewing Angle,"3 HDMI Ports, 2 USB Ports"
Croma CREL050UOA024601 50 Inch Ultra HD Smart LED TV,"₹34,990",67,"50 in, LED TV","4K Resolution, 3840 x 2160 pixels","Wifi, Ethernet",Smart TV,"2 Speakers, 20 w Output","2 GB RAM, 8 GB Storage",178 ° Viewing Angle,"3 HDMI Ports, 2 USB Ports"
Croma CREL055UOA024601 55 Inch Ultra HD 4K Smart LED TV,"₹40,990",68,"55 in, LED TV","4K Resolution, 3840 x 2160 pixels","Wifi, Ethernet",Smart TV,"2 Speakers, 20 w Output",178 ° Viewing Angle,"3 HDMI Ports, 2 USB Ports",Screen Mirroring / Miracast Support
Westinghouse WH43UD10 43 Inch Ultra HD 4K Smart LED TV,"₹19,499",69,"43 in, LED TV","4K Resolution, 3840 x 2160 pixels","Wifi, Ethernet",Smart TV,"2 Speakers, 20 w Output","ARM Cortex-A53 Processor, 2 GB RAM, 8 GB Storage",178 ° Viewing Angle,"3 HDMI Ports, 2 USB Ports"
Samsung 8 Series UA43BU8000KLXL 43-inch Ultra HD 4K Smart LED TV,"₹44,290",70,"43 in, LED TV","4K Resolution, 3840 x 2160 pixels","Wifi, Ethernet",Smart TV,"2 Speakers, 20 w Output",178 ° Viewing Angle,"3 HDMI Ports, 2 USB Ports",Screen Mirroring / Miracast Support
Vu Masterpiece Glo Series 55QPM 55 inch Ultra HD 4K Smart QLED TV,"₹76,490",80,"55 in, QLED TV","4K Resolution, 3840 x 2160 pixels","Wifi, Ethernet",Smart TV,"4 Speakers, 100 w Output","3 GB RAM, 16 GB Storage",178 ° Viewing Angle,"4 HDMI Ports, 2 USB Ports"
Xiaomi Fire TV F2 50 inch Ultra HD 4K Smart LED TV,"₹48,990",73,"50 in, LED TV","4K Resolution, 3840 x 2160 pixels","Wifi, Ethernet",Smart TV,"2 Speakers, 30 w Output","2 GB RAM, 16 GB Storage",178 ° Viewing Angle,"4 HDMI Ports, 2 USB Ports"
Xiaomi Fire TV F2 43 inch Ultra HD 4K Smart LED TV,"₹39,999",71,"43 in, LED TV","4K Resolution, 3840 x 2160 pixels","Wifi, Ethernet",Smart TV,"2 Speakers, 30 w Output","2 GB RAM, 16 GB Storage",178 ° Viewing Angle,"4 HDMI Ports, 2 USB Ports"
Xiaomi Fire TV F2 55 inch Ultra HD 4K Smart LED TV,"₹54,990",74,"55 in, LED TV","4K Resolution, 3840 x 2160 pixels","Wifi, Ethernet",Smart TV,"2 Speakers, 30 w Output","2 GB RAM, 16 GB Storage",178 ° Viewing Angle,"4 HDMI Ports, 2 USB Ports"
NDGO N-32FL 32 Inch Full HD Smart LED TV,"₹13,999",53,"32 in, LED TV","Full HD, 1920 x 1080 pixels",Wifi,Smart TV,"2 Speakers, 30 w Output","1 GB RAM, 8 GB Storage",178 ° Viewing Angle,"2 HDMI Ports, 2 USB Ports"
Sansui JSFT32SKHD 32-inch HD Ready Smart LED TV,"₹13,499",47,"32 in, LED TV",1366 x 768 pixels,"Wifi, Ethernet",Smart TV,"2 Speakers, 20 w Output",178 ° Viewing Angle,"2 HDMI Ports, 2 USB Ports",Screen Mirroring / Miracast Support
Sony 50W820K 50 inch Ultra HD 4K Smart LED TV,"₹65,999",68,"50 in, LED TV","4K Resolution, 3840 x 2160 pixels",Wifi,Smart TV,"2 Speakers, 30 w Output",16 GB Storage,178 ° Viewing Angle,"3 HDMI Ports, 2 USB Ports"
iMee Premium-40S 40 inch HD Ready Smart LED TV,"₹17,999",48,"40 in, LED TV",1366 x 768 pixels,"Wifi, Ethernet",Smart TV,"2 Speakers, 24 w Output","Quad Core Processor, 1 GB RAM, 8 GB Storage",178 ° Viewing Angle,"2 HDMI Ports, 2 USB Ports"
Nokia 55UHDADNVVGE 55 inch Ultra HD 4K Smart LED TV,"₹39,999",69,"55 in, LED TV","4K Resolution, 3840 x 2160 pixels","Wifi, Ethernet",Smart TV,"2 Speakers, 24 w Output","Quad core Processor, 1 GB RAM, 8 GB Storage",178 ° Viewing Angle,"3 HDMI Ports, 2 USB Ports"
Hyundai SMTHY40HD52TYW 39 inch HD Ready Smart LED TV,"₹18,990",50,"39 in, LED TV",1366 x 768 pixels,"Wifi, Ethernet",Smart TV,"2 Speakers, 16 w Output","A53 1.5 GHz Quad Core Processor, 1 GB RAM, 8 GB Storage",178 ° Viewing Angle,"2 HDMI Ports, 2 USB Ports"
Hyundai ATHY24K4HDV531W 24 inch HD Ready LED TV,"₹8,999",32,"24 in, LED TV",1366 x 768 pixels,Smart TV: No,"2 Speakers, 16 w Output",178 ° Viewing Angle,"2 HDMI Ports, 2 USB Ports","60 Hz, 16:09 Ratio",
Nokia 40FHDADNVVEE 40 inch Full HD Smart LED TV,"₹18,999",54,"40 in, LED TV","Full HD, 1920 x 1080 pixels","Wifi, Ethernet",Smart TV,"2 Speakers, 24 w Output","Quad core Processor, 1 GB RAM, 8 GB Storage",178 ° Viewing Angle,"2 HDMI Ports, 2 USB Ports"
Nokia 43FHDADNVVEE 43 inch Full HD Smart LED TV,"₹22,999",54,"43 in, LED TV","Full HD, 1920 x 1080 pixels","Wifi, Ethernet",Smart TV,"2 Speakers, 24 w Output","Quad core Processor, 1 GB RAM, 8 GB Storage",178 ° Viewing Angle,"2 HDMI Ports, 2 USB Ports"
Hyundai UHDHY50B78VRTNW 50 inch Ultra HD 4K Smart LED TV,"₹30,990",71,"40 in, LED TV","4K Resolution, 3840 x 2160 pixels","Wifi, Ethernet",Smart TV,"2 Speakers, 16 w Output","A53 1.5 GHz Quad Core Processor, 2 GB RAM, 16 GB Storage",178 ° Viewing Angle,"3 HDMI Ports, 2 USB Ports"
Hyundai SMTHY43FHDB52VRYVT 43 inch Full HD Smart LED TV,"₹22,990",52,"43 in, LED TV","Full HD, 1920 x 1080 pixels","Wifi, Ethernet",Smart TV,"2 Speakers, 16 w Output","A53 1.5 GHz Quad Core Processor, 1 GB RAM, 8 GB Storage",178 ° Viewing Angle,"2 HDMI Ports, 2 USB Ports"
Hyundai SMTHY32HDB52VRTYW 32 inch HD Ready Smart LED TV,"₹11,990",49,"32 in, LED TV",1366 x 768 pixels,"Wifi, Ethernet",Smart TV,"2 Speakers, 16 w Output","A53 1.5 GHz Quad Core Processor, 1 GB RAM, 8 GB Storage",178 ° Viewing Angle,"2 HDMI Ports, 2 USB Ports"
Hyundai SMTHY32WSR6YI5 32 inch HD Ready Smart LED TV,"₹12,490",49,"32 in, LED TV",1366 x 768 pixels,"Wifi, Ethernet",Smart TV,"2 Speakers, 20 w Output","ARM CA55 1.1 GHz Quad Core Processor, 1.5 GB RAM, 8 GB Storage",178 ° Viewing Angle,"3 HDMI Ports, 2 USB Ports"
Hyundai UHDHY50WSR4BYI5 50 inch Ultra HD 4K Smart LED TV,"₹29,499",68,"50 in, LED TV","4K Resolution, 3840 x 2160 pixels","Wifi, Ethernet",Smart TV,"2 Speakers, 16 w Output","ARM CA55 1.1 GHz Quad Core Processor, 1.5 GB RAM, 8 GB Storage",178 ° Viewing Angle,"3 HDMI Ports, 2 USB Ports"
Hyundai UHDHY55WSR4BYI5 55 inch Ultra HD 4K Smart LED TV,"₹33,999",68,"55 in, LED TV","4K Resolution, 3840 x 2160 pixels","Wifi, Ethernet",Smart TV,"2 Speakers, 16 w Output","ARM CA55 1.1 GHz Quad Core Processor, 1.5 GB RAM, 8 GB Storage",178 ° Viewing Angle,"3 HDMI Ports, 2 USB Ports"
Nokia 43UHDADNVVGE 43 inch Ultra HD 4K Smart LED TV,"₹25,999",66,"43 in, LED TV","4K Resolution, 3840 x 2160 pixels","Wifi, Ethernet",Smart TV,"2 Speakers, 24 w Output","Quad core Processor, 1 GB RAM, 8 GB Storage",178 ° Viewing Angle,"3 HDMI Ports, 2 USB Ports"
Samsung The Frame QA75LS03BAKXXL 75 inch Ultra HD 4K Smart QLED TV,"₹2,77,426",84,"75 in, QLED TV","4K Resolution, 3840 x 2160 pixels","Wifi, Ethernet",Smart TV,"4 Speakers, 40 w Output",178 ° Viewing Angle,"4 HDMI Ports, 2 USB Ports",3D TV: No
Samsung The Frame QA65LS03BAKLXL 65 inch Ultra HD 4K Smart QLED TV,"₹1,27,990",79,"65 in, QLED TV","4K Resolution, 3840 x 2160 pixels",Wifi,Smart TV,"2 Speakers, 40 w Output","2.5 GB RAM, 8 GB Storage",178 ° Viewing Angle,"4 HDMI Ports, 2 USB Ports"
Motorola Revou 2 50UHDADMVVGE 50 inch Ultra HD 4K Smart LED TV,"₹27,999",67,"50 in, LED TV","4K Resolution, 3840 x 2160 pixels",Wifi,Smart TV,"2 Speakers, 24 w Output","Quad core Processor, 2 GB RAM, 8 GB Storage",178 ° Viewing Angle,"3 HDMI Ports, 2 USB Ports"
Motorola Revou 2 43 inch Full HD Smart LED TV,"₹21,999",58,"43 in, LED TV","Full HD, 1920 x 1080 pixels","Wifi, Ethernet",Smart TV,"2 Speakers, 24 w Output","Quad core Processor, 2 GB RAM, 8 GB Storage",178 ° Viewing Angle,"2 HDMI Ports, 2 USB Ports"
Samsung QA85QN90BAKXXL 85 inch Ultra HD 4K Smart QLED TV,"₹6,29,000",87,"85 in, QLED TV","4K Resolution, 3840 x 2160 pixels","Wifi, Ethernet",Smart TV,"4.2.2 Speakers, 60 w Output",178 ° Viewing Angle,"4 HDMI Ports, 2 USB Ports",Screen Mirroring / Miracast Support
Samsung QA65Q80BAKLXL 65 inch Ultra HD 4K Smart QLED TV,"₹1,59,990",82,"65 in, QLED TV","4K Resolution, 3840 x 2160 pixels","Wifi, Ethernet",Smart TV,60 w Output,178 ° Viewing Angle,"4 HDMI Ports, 2 USB Ports",Screen Mirroring / Miracast Support
Samsung QA75Q60BAKXXL 75 inch Ultra HD 4K Smart QLED TV,"₹2,94,990",81,"75 in, QLED TV","4K Resolution, 3840 x 2160 pixels","Wifi, Ethernet",Smart TV,"2 Speakers, 20 w Output",178 ° Viewing Angle,"3 HDMI Ports, 2 USB Ports",3D TV: No
Samsung QA50QN90BAKLXL 50 inch Ultra HD 4K Smart QLED TV,"₹93,000",79,"50 in, QLED TV","4K Resolution, 3840 x 2160 pixels","Wifi, Ethernet",Smart TV,"2.2CH Speakers, 40 w Output",178 ° Viewing Angle,"4 HDMI Ports, 2 USB Ports",Screen Mirroring / Miracast Support
Samsung QA55Q80BAKLXL 55 inch Ultra HD 4K Smart QLED TV,"₹99,990",80,"55 in, QLED TV","4K Resolution, 3840 x 2160 pixels","Wifi, Ethernet",Smart TV,60 w Output,178 ° Viewing Angle,"4 HDMI Ports, 2 USB Ports",Screen Mirroring / Miracast Support
Samsung QA65QN90BAKLXL 65 inch Ultra HD 4K Smart QLED TV,"₹1,99,990",84,"65 in, QLED TV","4K Resolution, 3840 x 2160 pixels","Wifi, Ethernet",Smart TV,"4.2.2CH Speakers, 60 w Output",178 ° Viewing Angle,"4 HDMI Ports, 2 USB Ports",Screen Mirroring / Miracast Support
Samsung QA55QN90BAKLXL 55 inch Ultra HD 4K Smart QLED TV,"₹1,46,250",84,"55 in, QLED TV","4K Resolution, 3840 x 2160 pixels","Wifi, Ethernet",Smart TV,"4.2.2CH Speakers, 60 w Output",178 ° Viewing Angle,"4 HDMI Ports, 3 USB Ports",Screen Mirroring / Miracast Support
Samsung QA65QN85BAKLXL 65 Inch Ultra HD 4K Smart QLED TV,"₹1,89,490",84,"65 in, QLED TV","4K Resolution, 3840 x 2160 pixels","Wifi, Ethernet",Smart TV,"2.2.2CH Speakers, 60 w Output",178 ° Viewing Angle,"4 HDMI Ports, 2 USB Ports",Screen Mirroring / Miracast Support
Samsung QA75QN800BKXXL 75 inch Ultra HD 8K Smart QLED TV,"₹7,24,990",93,"75 in, QLED TV","8K Resolution, 7680 x 4320 pixels","Wifi, Ethernet",Smart TV,70 w Output,"Ultra Slim, 178 ° Viewing Angle","4 HDMI Ports, 3 USB Ports",3D TV: No
Samsung QA55QN85BAKLXL 55 Inch Ultra HD 4K Smart QLED TV,"₹1,34,490",82,"55 in, QLED TV","4K Resolution, 3840 x 2160 pixels","Wifi, Ethernet",Smart TV,"2.2.2CH Speakers, 60 w Output",178 ° Viewing Angle,"4 HDMI Ports, 2 USB Ports",Screen Mirroring / Miracast Support
Samsung The Serif QA50LS01TAKLXL 50 inch Ultra HD 4K Smart QLED TV,"₹69,990",66,"50 in, QLED TV","4K Resolution, 3840 x 2160 pixels",Wifi,Smart TV,"4 Speakers, 40 w Output",178 ° Viewing Angle,"4 HDMI Ports, 2 USB Ports",3D TV: No
Oppo TV K9X 65 inch Ultra HD 4K Smart LED TV,"₹55,999",69,"65 in, LED TV","4K Resolution, 3840 x 2160 pixels","Wifi, Ethernet",Smart TV,"2 Speakers, 20 w Output",2 GB RAM,178 ° Viewing Angle,"1 HDMI Ports, 2 USB Ports"
TCL 75C835 75 Inch Ultra HD 4K Smart Mini LED TV,"₹1,99,990",72,"75 in, miniLED TV","4K Resolution, 3840 x 2160 pixels","Wifi, Ethernet",Smart TV,"2 Speakers, 60 w Output",178 ° Viewing Angle,"4 HDMI Ports, 1 USB Ports",Screen Mirroring / Miracast Support
Inno-Q Pro IN32-FN Pro 32 inch HD Ready LED TV,"₹7,115",32,"32 in, LED TV",1366 x 768 pixels,Smart TV: No,"2 Speakers, 20 w Output",178 ° Viewing Angle,"2 HDMI Ports, 2 USB Ports","60 Hz, 16:09 Ratio",
Inno-Q Pro IN24-BNPRO 24 inch HD Ready LED TV,"₹5,390",33,"24 in, LED TV",1366 x 768 pixels,Smart TV: No,"2 Speakers, 20 w Output",178 ° Viewing Angle,"1 HDMI Ports, 2 USB Ports","60 Hz, 16:09 Ratio",
Onida 43FIV 43 inch Full HD Smart LED TV,"₹23,999",52,"43 in, LED TV","Full HD, 1920 x 1080 pixels",Wifi,Smart TV,"2 Speakers, 20 w Output",178 ° Viewing Angle,"2 HDMI Ports, 2 USB Ports",Screen Mirroring / Miracast Support
Inno-Q Pro IN32-BNPro 32 inch HD Ready LED TV,"₹7,290",32,"32 in, LED TV",1366 x 768 pixels,Smart TV: No,"2 Speakers, 20 w Output",178 ° Viewing Angle,"2 HDMI Ports, 2 USB Ports","60 Hz, 16:09 Ratio",
Inno-Q Pro IN32-FSPro 32 inch HD Ready Smart LED TV,"₹7,828",48,"32 in, LED TV",1366 x 768 pixels,"Wifi, Ethernet",Smart TV,"2 Speakers, 20 w Output","Quad Core Processor, 8 GB Storage",178 ° Viewing Angle,"2 HDMI Ports, 2 USB Ports"
Beston BS55UW1 55 inch Ultra HD 4K Smart LED TV,"₹28,999",71,"55 in, LED TV","4K Resolution, 3840 x 2160 pixels","Wifi, Ethernet",Smart TV,"2 Speakers, 30 w Output","‎Mali G31 MP2 700MHz Processor, 1.5 GB RAM, 8 GB Storage",178 ° Viewing Angle,"2 HDMI Ports, 3 USB Ports"
Beston BS43FW1 43 inch Full HD Smart LED TV,"₹20,499",57,"43 in, LED TV","Full HD, 1920 x 1080 pixels","Wifi, Ethernet",Smart TV,"1.5 GB RAM, 8 GB Storage",178 ° Viewing Angle,"2 HDMI Ports, 3 USB Ports",Supports Apps & Games
Candes PC24S001 24 inch HD Ready Smart LED TV,"₹6,990",37,"24 in, LED TV",1366 x 768 pixels,Wifi,Smart TV,"2 Speakers, 20 Output",178 ° Viewing Angle,"1 HDMI Ports, 2 USB Ports",Screen Mirroring / Miracast Support
Haier LE32D4000 32 inch HD Ready LED TV,"₹13,800",35,"32 in, LED TV",1366 x 768 pixels,Smart TV: No,"2 Speakers, 16 w Output",178 ° Viewing Angle,"3 HDMI Ports, 1 USB Ports",60 Hz,
Onida 55UIV 55 inch Ultra HD 4K Smart LED TV,"₹37,999",66,"55 in, LED TV","4K Resolution, 3840 x 2160 pixels",Wifi,Smart TV,"2 Speakers, 10 w Output",178 ° Viewing Angle,"3 HDMI Ports, 2 USB Ports",Screen Mirroring / Miracast Support
iMee Elite 32SFL 32 inch HD Ready Smart LED TV,"₹11,999",49,"32 in, LED TV",1366 x 768 pixels,Wifi,Smart TV,"1 GB RAM, 8 GB Storage",178 ° Viewing Angle,"2 HDMI Ports, 2 USB Ports",Screen Mirroring / Miracast Support
Adsun Frameless A-4300S/F 40 inch Full HD Smart LED TV,"₹16,149",51,"40 in, LED TV","Full HD, 1920 x 1080 pixels","Wifi, Ethernet",Smart TV,"2 Speakers, 20 w Output","Quad Core Processor, 1 GB RAM, 8 GB Storage",178 ° Viewing Angle,"2 HDMI Ports, 2 USB Ports"
Blaupunkt Cybersound 40 Inch HD Ready Smart LED TV,"₹15,999",50,"40 in, LED TV",1366 x 768 pixels,"Wifi, Ethernet",Smart TV,"2 Speakers, 40 w Output","ARM Cortex A53 - 1.4 GHz Processor, 1 GB RAM, 8 GB Storage",178 ° Viewing Angle,"3 HDMI Ports, 2 USB Ports"
Croma CREL040HBC024601 39 Inch HD Ready Smart LED TV,"₹11,994",41,"39 in, LED TV",1366 x 768 pixels,Wifi,Smart TV,16 w Output,178 ° Viewing Angle,"2 HDMI Ports, 2 USB Ports",Screen Mirroring / Miracast Support
Infinix X3 40 inch Full HD Smart LED TV,"₹19,999",53,"40 in, LED TV","Full HD, 1920 x 1080 pixels","Wifi, Ethernet",Smart TV,"4 Speakers, 36 w Output",170 ° Viewing Angle,"3 HDMI Ports, 2 USB Ports",3D TV: No
Daiwa D32SM9 32 inch HD Ready Smart LED TV,"₹11,990",51,"32 in, LED TV",1366 x 768 pixels,"Wifi, Ethernet",Smart TV,"2 Speakers, 20 w Output","A-53  Processor, 1 GB RAM, 8 GB Storage",178 ° Viewing Angle,"2 HDMI Ports, 2 USB Ports"
Akai AKLT43S-FL29M 43 inch Full HD Smart LED TV,"₹24,230",56,"43 in, LED TV","Full HD, 1920 x 1080 pixels",Wifi,Smart TV,20 w Output,"1 GB RAM, 8 GB Storage",178 ° Viewing Angle,"3 HDMI Ports, 2 USB Ports"
Lloyd 43US850C 43 Inch Ultra HD 4K Smart LED TV,"₹36,099",66,"43 in, LED TV","4K Resolution, 3840 x 2160 pixels",Wifi,Smart TV,"2 Speakers, 20 w Output",Quad Core Processor,178 ° Viewing Angle,"3 HDMI Ports, 2 USB Ports"
Sansui JSY24NSHD 24 Inch HD Ready LED TV,"₹7,990",34,"24 in, LED TV",1366 x 768 pixels,Smart TV: No,"2 Speakers, 20 w Output",Quad Core Processor,178 ° Viewing Angle,"2 HDMI Ports, 2 USB Ports",3D TV: No
BPL 65U-A4310 65 inch Ultra HD 4K Smart LED TV,"₹59,999",68,"65 in, LED TV","4K Resolution, 3840 x 2160 pixels",Wifi,Smart TV,"2 Speakers, 20 Output",178 ° Viewing Angle,"3 HDMI Ports, 2 USB Ports",60 Hz
Sony Bravia XR-55A75K 55 inch Ultra HD 4K Smart OLED TV,"₹4,99,999",81,"55 in, OLED TV","4K Resolution, 3840 x 2160 pixels","Wifi, Ethernet",Smart TV,Cognitive Processor XR Processor,178 ° Viewing Angle,"3 HDMI Ports, 2 USB Ports",Screen Mirroring / Miracast Support
Power Guard PG32FSVC 32 inch HD Ready Smart LED TV,"₹10,499",54,"32 in, LED TV",1366 x 768 pixels,"Wifi, Ethernet",Smart TV,"2 Speakers, 20 w Output","1 GB RAM, 8 GB Storage",178 ° Viewing Angle,"3 HDMI Ports, 2 USB Ports"
TCL 32S5202 32 inch HD Ready Smart LED TV,"₹13,990",50,"32 in, LED TV",1366 x 768 pixels,Wifi,Smart TV,"2 Speakers, 16 w Output","Quad Core Processor, 1 GB RAM, 8 GB Storage",178 ° Viewing Angle,"2 HDMI Ports, 1 USB Ports"
TCL 32D311 32 inch HD Ready LED TV,"₹14,400",33,"32 in, LED TV",1366 x 768 pixels,Smart TV: No,"2 Speakers, 16 w Output",178 ° Viewing Angle,"2 HDMI Ports, 1 USB Ports",3D TV: No,"60 Hz, 16:09 Ratio"
JVC LT-32N385CCE 32 inch HD Ready Smart LED TV,"₹10,490",50,"31.5 in, LED TV",1366 x 768 pixels,"Wifi, Ethernet",Smart TV,"2 Speakers, 12 w Output","Quad Core Processor, 1 GB RAM, 8 Storage",178 ° Viewing Angle,"2 HDMI Ports, 2 USB Ports"
Akai AKLT43S-DFL9M 43 inch Full HD Smart LED TV,"₹21,499",56,"43 in, LED TV","Full HD, 1920 x 1080 pixels",Wifi,Smart TV,20 w Output,"1 GB RAM, 8 GB Storage",178 ° Viewing Angle,"3 HDMI Ports, 2 USB Ports"
Akai AKLT40S-D409W 40 Inch HD Ready Smart LED TV,"₹19,990",51,"40 in, LED TV",1366 x 768 pixels,"Wifi, Ethernet",Smart TV,"2 Speakers, 20 w Output","1 GB RAM, 8 GB Storage",178 ° Viewing Angle,"2 HDMI Ports, 2 USB Ports"
Akai AKLT24N-D53W 24 Inch HD Ready LED TV,"₹7,850",31,"24 in, LED TV",1366 x 768 pixels,Smart TV: No,"2 Speakers, 20 w Output",170 ° Viewing Angle,"1 HDMI Ports, 1 USB Ports",3D TV: No,"50 Hz, 16 : 9 Ratio"
Akai AKLT50U-F7VSW 50 inch Ultra HD 4K Smart LED TV,"₹37,999",71,"50 in, LED TV","4K Resolution, 3840 x 2160 pixels","Wifi, Ethernet",Smart TV,"2 Speakers, 20 w Output","1.5 GB RAM, 8 GB Storage",178 ° Viewing Angle,"3 HDMI Ports, 3 USB Ports"
Impex GRANDE 43 AU1043 inch Full HD Smart LED TV,"₹24,900",57,"43 in, LED TV","Full HD, 1920 x 1080 pixels",Wifi,Smart TV,"2 Speakers, 20 Output","ARM Cotex A53 Processor, 1 GB RAM, 8 GB Storage",178 ° Viewing Angle,"3 HDMI Ports, 2 USB Ports"
Sony Bravia XR-75Z9K 75 inch Ultra HD 8K Smart Mini LED TV,"₹14,99,999",76,"75 in, Mini LED TV","8K Resolution, 7680 x 4320 pixels","Wifi, Ethernet",Smart TV,178 ° Viewing Angle,"4 HDMI Ports, 3 USB Ports",3D TV: No,Supports Apps & Games
Sony Bravia XR-42A90K 42 inch Ultra HD 4K Smart OLED TV,"₹5,99,999",79,"42 in, OLED TV","4K Resolution, 3840 x 2160 pixels",Wifi,Smart TV,178 ° Viewing Angle,"3 HDMI Ports, 2 USB Ports",Screen Mirroring / Miracast Support,120 Hz
iFFALCON 43F52 43-inch Full HD Smart LED TV,"₹18,999",52,"43 in, LED TV","Full HD, 1920 x 1080 pixels","Wifi, Ethernet",Smart TV,"2 Speakers, 20 w Output","Quad Core Processor, 1 GB RAM, 8 GB Storage",178 ° Viewing Angle,"2 HDMI Ports, 1 USB Ports"
Lloyd 58US900C 58 inch Ultra HD 4K Smart LED TV,"₹60,999",66,"57.48 in, LED TV","4K Resolution, 3840 x 2160 pixels",Wifi,Smart TV,"2 Speakers, 20 Output",178 ° Viewing Angle,"3 HDMI Ports, 2 USB Ports",Screen Mirroring / Miracast Support
Oxygen 65A2 65 inch Ultra HD 4K Smart LED TV,"₹69,990",74,"65 in, LED TV","4K Resolution, 3840 x 2160 pixels","Wifi, Ethernet",Smart TV,"3 Speakers, 20 w Output","ARM CA55 Quad Core Processor, 1 GB RAM, 8 GB Storage",178 ° Viewing Angle,"3 HDMI Ports, 2 USB Ports"
Oxygen 50A2 50 inch Ultra HD 4K Smart LED TV,"₹39,990",70,"50 in, LED TV","4K Resolution, 3840 x 2160 pixels","Wifi, Ethernet",Smart TV,"3 Speakers, 20 w Output","ARM CA55 Quad Core Processor, 1 GB RAM, 8 GB Storage",178 ° Viewing Angle,"3 HDMI Ports, 2 USB Ports"
NDGO N-40 40 Inch Full HD Smart LED TV,"₹19,999",52,"40 in, LED TV","Full HD, 1920 x 1080 pixels",Wifi,Smart TV,"2 Speakers, 30 w Output","1 GB RAM, 8 GB Storage",178 ° Viewing Angle,"2 HDMI Ports, 2 USB Ports"
Kodak 7XPro 50UHDX7XPROBL 50-inch Ultra HD 4K Smart LED TV,"₹24,999",68,"49.61 in, LED TV","4K Resolution, 3840 x 2160 pixels","Wifi, Ethernet",Smart TV,"2 Speakers, 40 w Output","ARM Cortex A53 Processor, 2 GB RAM, 8 GB Storage",178 ° Viewing Angle,"3 HDMI Ports, 2 USB Ports"
Kodak 7XPro 55UHDX7XPROBL 55-inch Ultra HD 4K Smart LED TV,"₹29,499",69,"54.72 in, LED TV","4K Resolution, 3840 x 2160 pixels","Wifi, Ethernet",Smart TV,"2 Speakers, 40 w Output","ARM Cortex A53 Processor, 2 GB RAM, 8 GB Storage",178 ° Viewing Angle,"3 HDMI Ports, 2 USB Ports"
Daiwa D55U1WOS 55-inch Ultra HD 4K Smart LED TV,"₹49,999",71,"55 in, LED TV","4K Resolution, 3840 x 2160 pixels","Wifi, Ethernet",Smart TV,"2 Speakers, 20 w Output","ARM CA55  Processor, 1.5 GB RAM, 8 GB Storage",178 ° Viewing Angle,"3 HDMI Ports, 2 USB Ports"
Daiwa D43U1WOS 43-inch Ultra HD 4K Smart LED TV,"₹34,999",69,"43 in, LED TV","4K Resolution, 3840 x 2160 pixels","Wifi, Ethernet",Smart TV,"2 Speakers, 20 w Output","ARM CA55  Processor, 1.5 GB RAM, 8 GB Storage",178 ° Viewing Angle,"3 HDMI Ports, 2 USB Ports"
Candes CTPL40E1S 40 inch Full HD Smart LED TV,"₹14,490",52,"40 in, LED TV","Full HD, 1920 x 1080 pixels","Wifi, Ethernet",Smart TV,"2 Speakers, 20 w Output",1 GB RAM,178 ° Viewing Angle,"2 HDMI Ports, 2 USB Ports"
Dyanora DY-LD32H0S 32 inch HD Ready Smart LED TV,"₹7,999",47,"31.5 in, LED TV",1366 x 768 pixels,Wifi,Smart TV,"2 Speakers, 20 w Output",1 GB RAM,178 ° Viewing Angle,"2 HDMI Ports, 2 USB Ports"
ADSUN A-2440S 24 Inch HD Ready Smart LED TV,"₹6,649",42,"24 in, LED TV",1366 x 768 pixels,Wifi,Smart TV,"2 Speakers, 20 w Output",178 ° Viewing Angle,"1 HDMI Ports, 1 USB Ports",3D TV: No
Lloyd 50US900B 50 inch Ultra HD 4K Smart LED TV,"₹42,990",67,"50 in, LED TV","4K Resolution, 3840 x 2160 pixels",Wifi,Smart TV,"2 Speakers, 20 w Output",178 ° Viewing Angle,"3 HDMI Ports, 2 USB Ports",Screen Mirroring / Miracast Support
Treeview Magma IND4303ST 43 Inch Full HD Smart LED TV,"₹16,990",48,"43 in, LED TV","Full HD, 1920 x 1080 pixels","Wifi, Ethernet",Smart TV,20 w Output,1 GB RAM,"2 HDMI Ports, 2 USB Ports",Screen Mirroring / Miracast Support
Treeview Magma IND3802ST 38 Inch HD Ready Smart LED TV,"₹14,990",45,"38 in, LED TV",1366 x 768 pixels,"Wifi, Ethernet",Smart TV,20 w Output,1 GB RAM,"2 HDMI Ports, 2 USB Ports",Screen Mirroring / Miracast Support
Motorola ZX3 55UHDADMRS3P 55 inch Ultra HD 4K Smart LED TV,"₹45,999",71,"55 in, LED TV","4K Resolution, 3840 x 2160 pixels","Wifi, Ethernet",Smart TV,"2 Speakers, 44 w Output","Mediatek CA53 Quad Core at 1.5 GHz Processor, 2 GB RAM, 32 GB Storage",178 ° Viewing Angle,"3 HDMI Ports, 2 USB Ports"
Onida 43FIZ-R2 43-inch Full HD Smart LED TV,"₹25,999",55,"43 in, LED TV","Full HD, 1920 x 1080 pixels","Wifi, Ethernet",Smart TV,"2 Speakers, 16 w Output",1 GB RAM,178 ° Viewing Angle,"3 HDMI Ports, 3 USB Ports"
Nokia 32HDADNDT8P 32 inch HD Ready Smart LED TV,"₹19,999",52,"31.5 in, LED TV",1366 x 768 pixels,Wifi,Smart TV,"2 Speakers, 39 w Output","1.1 GHz Realtek Quad Core Processor Processor, 2 GB RAM, 16 GB Storage",178 ° Viewing Angle,"3 HDMI Ports, 2 USB Ports"
Candes CTPL24EF512S 24-inch HD Ready Smart LED TV,"₹6,890",41,"24 in, LED TV",1366 x 768 pixels,Wifi,Smart TV,"2 Speakers, 20 w Output","512 MB RAM, 4 GB Storage",178 ° Viewing Angle,"1 HDMI Ports, 2 USB Ports"
Thomson Oath Pro Max 43OPMAX9099 43 inch Ultra HD 4K Smart LED TV,"₹23,999",66,"42.52 in, LED TV","4K Resolution, 3840 x 2160 pixels","Wifi, Ethernet",Smart TV,"2 Speakers, 40 w Output","A53 x 4-1.5 GHz Processor, 2 GB RAM, 8 GB Storage",178 ° Viewing Angle,"3 HDMI Ports, 2 USB Ports"
Philips 55PUT8115/94 55 Inch Ultra HD 4K Smart LED TV,"₹45,999",69,"55 in, LED TV","4K Resolution, 3840 x 2160 pixels","Wifi, Ethernet",Smart TV,"2 Speakers, 20 w Output",Quad Core Processor,178 ° Viewing Angle,"4 HDMI Ports, 2 USB Ports"
Kodak CA Pro 50CAPRO5066 50-inch Ultra HD 4K Smart LED TV,"₹27,999",67,"49.61 in, LED TV","4K Resolution, 3840 x 2160 pixels","Wifi, Ethernet",Smart TV,"2 Speakers, 40 w Output","A53 x 4-1.5 GHz Processor, 2 GB RAM, 8 GB Storage",178 ° Viewing Angle,"3 HDMI Ports, 2 USB Ports"
Thomson 50OPMAX9077 50-inch Ultra HD 4K Smart LED TV,"₹28,999",68,"49.61 in, LED TV","4K Resolution, 3840 x 2160 pixels","Wifi, Ethernet",Smart TV,"2 Speakers, 40 w Output","A53 x 4-1.5 GHz Processor, 2 GB RAM, 8 GB Storage",178 ° Viewing Angle,"3 HDMI Ports, 2 USB Ports"
Lloyd 65US900C 65-inch Ultra HD 4K Smart LED TV,"₹72,990",76,"65 in, LED TV","4K Resolution, 3840 x 2160 pixels","Wifi, Ethernet",Smart TV,"2 Speakers, 20 w Output","2 GB RAM, 16 GB Storage",178 ° Viewing Angle,"3 HDMI Ports, 2 USB Ports"
LG 65UP8000PTZ 65 inch Ultra HD 4K Smart LED TV,"₹89,990",75,"65 in, LED TV","4K Resolution, 3840 x 2160 pixels","Wifi, Ethernet",Smart TV,"2 Speakers, 20 w Output",Intelligent Quad Core Processor 4K Processor,178 ° Viewing Angle,"3 HDMI Ports, 2 USB Ports"
Kodak CA Pro 55-inch Ultra HD 4K Smart LED TV (55CAPRO5088),"₹28,999",63,"55 in, LED TV","4K Resolution, 3840 x 2160 pixels","Wifi, Ethernet",Smart TV,"2 Speakers, 30 w Output",ARM Cortex A53 Processor,178 ° Viewing Angle,"3 HDMI Ports, 2 USB Ports"
Hisense 75U80G 75-inch Ultra HD 8K Smart QLED TV,"₹3,49,990",85,"74.41 in, QLED TV","8K Resolution, 7680 x 4320 pixels","Wifi, Ethernet",Smart TV,"2 Speakers, 36 w Output","CA73 x 4 at 1.8 GHz Processor, 5 GB RAM, 16 GB Storage",178 ° Viewing Angle,"4 HDMI Ports, 2 USB Ports"
Samsung QN700A Neo QA65QN700AKXXL 65-inch Ultra HD 8K Smart QLED TV,"₹3,24,990",88,"65 in, QLED TV","8K Resolution, 7680 x 4320 pixels","Wifi, Ethernet",Smart TV,"4 Speakers, 70 w Output",Neo Quantum Processor Lite 8K Processor,"Ultra Slim, 178 ° Viewing Angle","4 HDMI Ports, 3 USB Ports"
Xiaomi Redmi X55 2022 55-inch Ultra HD 4K Smart LED TV,"₹45,999",73,"55 in, LED TV","4K Resolution, 3840 x 2160 pixels","Wifi, Ethernet",Smart TV,"2 Speakers, 30 w Output","MediaTek MT9611 Cortex-A55 Processor, 2 GB RAM, 16 GB Storage",178 ° Viewing Angle,"3 HDMI Ports, 2 USB Ports"
Motorola Revou 65UHDADMRS7P 65-inch Ultra HD 4K Smart LED TV,"₹62,999",67,"64.57 in, LED TV","4K Resolution, 3840 x 2160 pixels","Wifi, Ethernet",Smart TV,"2 Speakers, 50 w Output",MediaTek CA53 Quad Core at 1.5 GHz Processor,178 ° Viewing Angle,"3 HDMI Ports, 2 USB Ports"
Motorola Revou 50UHDADMRS7P 50 inch Ultra HD 4K Smart LED TV,"₹42,999",63,"50 in, LED TV","4K Resolution, 3840 x 2160 pixels","Wifi, Ethernet",Smart TV,"2 Speakers, 50 w Output",MediaTek CA53 Quad Core at 1.5 GHz Processor,178 ° Viewing Angle,"3 HDMI Ports, 2 USB Ports"
T-Series TX24K 24 inch HD Ready LED TV,"₹9,990",31,"23.62 in, LED TV",1366 x 768 pixels,Smart TV: No,"2 Speakers, 6 w Output",178 ° Viewing Angle,"1 HDMI Ports, 2 USB Ports",3D TV: No,"50 Hz, 4.3 Ratio"
Blaupunkt Cyber Sound 65CSA7030 65 inch Ultra HD 4K Smart LED TV,"₹46,999",71,"64.57 in, LED TV","4K Resolution, 3840 x 2160 pixels","Wifi, Ethernet",Smart TV,"4 Speakers, 60 w Output","A53 1.5 GHz Processor, 2 GB RAM, 8 GB Storage",178 ° Viewing Angle,"3 HDMI Ports, 2 USB Ports"
LG NanoCell 65NANO83TPZ 65-inch Ultra HD 4K LED Smart TV,"₹1,04,990",79,"65 in, LED TV","4K Resolution, 3840 x 2160 pixels","Wifi, Ethernet",Smart TV,"2 Speakers, 20 w Output",Intelligent Quad Core Processor 4K Processor,178 ° Viewing Angle,"4 HDMI Ports, 2 USB Ports"
LG NanoCell 65NANO75TPZ 65-inch Ultra HD 4K Smart LED TV,"₹99,990",77,"65 in, LED TV","4K Resolution, 3840 x 2160 pixels","Wifi, Ethernet",Smart TV,"2 Speakers, 20 w Output",Intelligent Quad Core Processor 4K Processor,178 ° Viewing Angle,"3 HDMI Ports, 2 USB Ports"
LG NanoCell 75NANO75TPZ 75-inch Ultra HD 4K Smart LED TV,"₹2,79,990",78,"75 in, LED TV","4K Resolution, 3840 x 2160 pixels","Wifi, Ethernet",Smart TV,"2 Speakers, 20 w Output",Intelligent Quad Core Processor 4K Processor,178 ° Viewing Angle,"3 HDMI Ports, 2 USB Ports"
Sky Glass 43 inch Ultra HD 4K Smart QLED TV,"₹65,999",59,"43 in, QLED TV","4K Resolution, 3840 x 2160 pixels","Wifi, Ethernet",Smart TV,6 Speakers,178 ° Viewing Angle,"3 HDMI Ports, 1 USB Ports",3D TV: No
Sky Glass 65 inch Ultra HD 4K Smart QLED TV,"₹1,06,999",65,"65 in, QLED TV","4K Resolution, 3840 x 2160 pixels","Wifi, Ethernet",Smart TV,6 Speakers,178 ° Viewing Angle,"3 HDMI Ports, 1 USB Ports",3D TV: No
Sky Glass 55 inch Ultra HD 4K Smart QLED TV,"₹86,999",62,"55 in, QLED TV","4K Resolution, 3840 x 2160 pixels","Wifi, Ethernet",Smart TV,6 Speakers,178 ° Viewing Angle,"3 HDMI Ports, 1 USB Ports",3D TV: No
Kodak 32HDX7XPROBL 32-inch HD Ready Smart LED TV 2021,"₹9,999",52,"32 in, LED TV",1366 x 768 pixels,"Wifi, Ethernet",Smart TV,"2 Speakers, 40 w Output","ARM Cortex-A53 Processor, 1 GB RAM, 8 GB Storage",178 ° Viewing Angle,"3 HDMI Ports, 2 USB Ports"
iFFALCON Pro 65U61 65-inch Ultra HD 4K Smart LED TV,"₹54,999",73,"65 in, LED TV","4K Resolution, 3840 x 2160 pixels","Wifi, Ethernet",Smart TV,"2 Speakers, 24 w Output","A55 Processor, 2 GB RAM, 16 GB Storage",178 ° Viewing Angle,"3 HDMI Ports, 1 USB Ports"
Westinghouse WH32SP12 32 Inch HD Ready Smart LED TV,"₹8,999",49,"32 in, LED TV",1366 x 768 pixels,"Wifi, Ethernet",Smart TV,"2 Speakers, 24 w Output","ARM Cortex-A53 Processor, 1 GB RAM, 8 GB Storage",178 ° Viewing Angle,"3 HDMI Ports, 2 USB Ports"
Westinghouse WH55UD45 55 Inch Ultra HD 4K Smart LED TV,"₹28,499",68,"55 in, LED TV","4K Resolution, 3840 x 2160 pixels","Wifi, Ethernet",Smart TV,"2 Speakers, 40 w Output","ARM Cortex-A53 Processor, 2 GB RAM, 8 GB Storage",178 ° Viewing Angle,"3 HDMI Ports, 2 USB Ports"
Westinghouse WH40SP50 40 Inch Full HD Smart LED TV,"₹13,999",52,"40 in, LED TV","Full HD, 1920 x 1080 pixels","Wifi, Ethernet",Smart TV,"2 Speakers, 24 w Output","ARM Cortex-A53 Processor, 1 GB RAM, 8 GB Storage",178 ° Viewing Angle,"3 HDMI Ports, 2 USB Ports"
Sansui Prime Series JSW32NSHD 32 inch HD Ready LED TV,"₹13,290",31,"31.5 in, LED TV",1366 x 768 pixels,Smart TV: No,"2 Speakers, 20 w Output",178 ° Viewing Angle,"2 HDMI Ports, 1 USB Ports",3D TV: No,"60 Hz, 16:09 Ratio"
iFFALCON by TCL 65H72 65-inch Ultra HD 4K Smart QLED TV,"₹56,999",70,"64.57 in, LED TV","4K Resolution, 3840 x 2160 pixels","Wifi, Ethernet",Smart TV,"2 Speakers, 24 w Output",64-bit A55 1.3 GHz Processor,178 ° Viewing Angle,"3 HDMI Ports, 2 USB Ports"
LG 50UP7550PTZ 50-inch Ultra HD 4K Smart LED TV,"₹53,849",67,"50 in, LED TV","4K Resolution, 3840 x 2160 pixels","Wifi, Ethernet",Smart TV,"2 Speakers, 20 w Output","Quad Core Processor, 8 GB Storage",178 ° Viewing Angle,"2 HDMI Ports, 1 USB Ports"
Impex Gloria 32 AY20 32-inch HD Ready LED TV,"₹11,900",33,"32 in, LED TV",1366 x 768 pixels,Smart TV: No,"2 Speakers, 20 w Output",178 ° Viewing Angle,"2 HDMI Ports, 1 USB Ports","60 Hz, 16:09 Ratio",
MarQ By Flipkart 32HDNDMSVAB 32-inch HD Ready LED TV,"₹7,499",32,"32 in, LED TV",1366 x 768 pixels,Smart TV: No,"2 Speakers, 20 w Output",178 ° Viewing Angle,"2 HDMI Ports, 2 USB Ports",3D TV: No,"60 Hz, 16:9 Ratio"
MarQ By Flipkart 24HDNDMSVAB 24-inch HD Ready LED TV,"₹6,999",32,"24 in, LED TV",1366 x 768 pixels,Smart TV: No,"2 Speakers, 20 w Output",178 ° Viewing Angle,"2 HDMI Ports, 2 USB Ports",3D TV: No,"60 Hz, 16:9 Ratio"
BPL 32F-A4300 32-inch HD Ready Smart LED TV,"₹21,329",50,"32 in, LED TV","Full HD, 1920 x 1080 pixels",Wifi,Smart TV,"2 Speakers, 18 w Output",178 ° Viewing Angle,"3 HDMI Ports, 2 USB Ports",3D TV: No
Huidi HD43PROS 43-inch Full HD Smart LED TV,"₹17,203",52,"43 in, LED TV","Full HD, 1920 x 1080 pixels","Wifi, Ethernet",Smart TV,"2 Speakers, 20 w Output",Quad Core Processor,178 ° Viewing Angle,"3 HDMI Ports, 2 USB Ports"
Acer P Series AR32AP2841HD 32 inch HD Ready Smart LED TV,"₹13,999",52,"31.5 in, LED TV",1366 x 768 pixels,"Wifi, Ethernet",Smart TV,"2 Speakers, 24 w Output","Cortex-A53 x 4 64 Bit Processor, 1.5 GB RAM, 8 GB Storage",178 ° Viewing Angle,"3 HDMI Ports, 2 USB Ports"
Acer P Series AR42AP2841FD 42 inch Full HD Smart LED TV,"₹21,999",55,"42 in, LED TV","Full HD, 1920 x 1080 pixels","Wifi, Ethernet",Smart TV,"2 Speakers, 24 w Output","Cortex-A53 x 4 64 Bit Processor, 1.5 GB RAM, 8 GB Storage",178 ° Viewing Angle,"2 HDMI Ports, 2 USB Ports"
Thomson 9R Pro 55PATH5050BL 55-inch Ultra HD 4K Smart LED TV,"₹29,999",68,"54.72 in, LED TV","4K Resolution, 3840 x 2160 pixels","Wifi, Ethernet",Smart TV,"2 Speakers, 40 w Output","ARM Cortex A53 - 1.4 GHz Processor, 2 GB RAM, 8 GB Storage",178 ° Viewing Angle,"3 HDMI Ports, 2 USB Ports"
LG 65NANO95TNA 65-inch Ultra HD 8K Smart LED TV,"₹1,79,990",87,"65 in, LED TV","8K Resolution, 7680 x 4320 pixels","Wifi, Ethernet",Smart TV,"2 Speakers, 40 w Output",178 ° Viewing Angle,"4 HDMI Ports, 3 USB Ports",3D TV: No
Motorola Revou-Q 50UHDAQMDT5Q 50-inch Ultra HD 4K Smart QLED TV,"₹49,999",73,"49.61 in, QLED TV","4K Resolution, 3840 x 2160 pixels","Wifi, Ethernet",Smart TV,"2 Speakers, 60 w Output","1.1 GHz Quad Core Processor Processor, 2 GB RAM, 16 GB Storage",178 ° Viewing Angle,"3 HDMI Ports, 2 USB Ports"
Samsung 8 Series UA55AU8000KL 55-inch Ultra HD 4K Smart LED TV,"₹62,990",69,"50 in, LED TV","4K Resolution, 3840 x 2160 pixels","Wifi, Ethernet",Smart TV,"2 Speakers, 20 w Output",Quad Core Processor,178 ° Viewing Angle,"3 HDMI Ports, 2 USB Ports"
LG 70UP7500PTZ 70-inch Ultra HD 4K Smart LED TV,"₹90,480",74,"70 in, LED TV","4K Resolution, 3840 x 2160 pixels","Wifi, Ethernet",Smart TV,"2 Speakers, 20 w Output",Quad Core Processor,178 ° Viewing Angle,"2 HDMI Ports, 1 USB Ports"
Nokia 50UHDADNDT8P 50-inch Ultra HD 4K Smart LED TV,"₹42,999",73,"50 in, LED TV","4K Resolution, 3840 x 2160 pixels",Wifi,Smart TV,"2 Speakers, 48 w Output","1.1 GHz Realtek Quad Core Processor Processor, 2 GB RAM, 16 GB Storage",178 ° Viewing Angle,"3 HDMI Ports, 2 USB Ports"
Nokia 50UHDAQNDT5Q 50-inch Ultra HD 4K Smart QLED TV,"₹49,999",74,"50 in, QLED TV","4K Resolution, 3840 x 2160 pixels",Wifi,Smart TV,"2 Speakers, 60 w Output","1.1 GHz Realtek Quad Core Processor Processor, 2 GB RAM, 16 GB Storage",178 ° Viewing Angle,"3 HDMI Ports, 2 USB Ports"
Nokia 50UHDADNDT52X 50-inch Ultra HD 4K Smart LED TV,"₹42,999",72,"50 in, LED TV","4K Resolution, 3840 x 2160 pixels",Wifi,Smart TV,"2 Speakers, 60 w Output","1.1 GHz Realtek Quad Core Processor Processor, 2 GB RAM, 16 GB Storage",178 ° Viewing Angle,"3 HDMI Ports, 2 USB Ports"
LG 75UP8000PTZ 75-inch Ultra HD 4K Smart LED TV,"₹1,39,990",79,"75 in, LED TV","4K Resolution, 3840 x 2160 pixels","Wifi, Ethernet",Smart TV,"2 Speakers, 20 w Output",Intelligent Quad Core Processor 4K Processor,178 ° Viewing Angle,"3 HDMI Ports, 2 USB Ports"
Oppo TV K9 75-inch Ultra HD 4K Smart LED TV,"₹59,999",70,"75 in, LED TV","4K Resolution, 3840 x 2160 pixels",Wifi,Smart TV,"2 Speakers, 30 w Output","2 GB RAM, 32 GB Storage",178 ° Viewing Angle,"1 HDMI Ports, 2 USB Ports"
Oppo TV K9 43-inch Full HD Smart LED TV,"₹22,999",56,"43 in, LED TV","Full HD, 1920 x 1080 pixels",Wifi,Smart TV,"2 Speakers, 20 w Output","2 GB RAM, 8 GB Storage",178 ° Viewing Angle,"3 HDMI Ports, 2 USB Ports"
Xiaomi Redmi Smart TV 43 inch Full HD LED TV,"₹25,999",54,"43 in, LED TV","Full HD, 1920 x 1080 pixels","Wifi, Ethernet",Smart TV,"2 Speakers, 20 w Output","Quad core A35 CPU Processor, 1 GB RAM, 8 GB Storage",178 ° Viewing Angle,"2 HDMI Ports, 2 USB Ports"
LG 55UP8000PTZ 55-inch Ultra HD 4K Smart LED TV,"₹56,990",72,"55 in, LED TV","4K Resolution, 3840 x 2160 pixels","Wifi, Ethernet",Smart TV,"2 Speakers, 20 w Output",Intelligent Quad Core Processor 4K Processor,178 ° Viewing Angle,"3 HDMI Ports, 2 USB Ports"
Lloyd 32HS301C 32-inch HD Ready Smart LED TV,"₹15,999",47,"32 in, LED TV",1366 x 768 pixels,Wifi,Smart TV,"2 Speakers, 20 w Output",178 ° Viewing Angle,"3 HDMI Ports, 2 USB Ports",3D TV: No
LG OLED77G1PTZ 77-inch Ultra HD 4K Smart OLED TV,"₹7,99,990",89,"77 in, OLED TV","4K Resolution, 3840 x 2160 pixels","Wifi, Ethernet",Smart TV,"4 Speakers, 60 w Output",178 ° Viewing Angle,"4 HDMI Ports, 3 USB Ports",3D TV: No
LG 55UP7740PTZ 55-inch Ultra HD 4K Smart LED TV,"₹51,990",68,"55 in, LED TV","4K Resolution, 3840 x 2160 pixels",Wifi,Smart TV,"2 Speakers, 20 w Output",178 ° Viewing Angle,"2 HDMI Ports, 1 USB Ports",3D TV: No
Lloyd 32HS451C 32-inch HD Ready Smart LED TV,"₹15,990",46,"32 in, LED TV",1366 x 768 pixels,Wifi,Smart TV,"2 Speakers, 60 w Output",178 ° Viewing Angle,"2 HDMI Ports, 2 USB Ports",3D TV: No
LG OLED65G1PTZ 65-inch Ultra HD 4K Smart OLED TV,"₹2,29,990",85,"65 in, OLED TV","4K Resolution, 3840 x 2160 pixels","Wifi, Ethernet",Smart TV,"4 Speakers, 60 w Output",178 ° Viewing Angle,"4 HDMI Ports, 3 USB Ports",3D TV: No
LG OLED65B1PTZ 65-inch Ultra HD 4K Smart OLED TV,"₹1,69,990",84,"65 in, OLED TV","4K Resolution, 3840 x 2160 pixels","Wifi, Ethernet",Smart TV,"2 Speakers, 40 w Output",178 ° Viewing Angle,"4 HDMI Ports, 3 USB Ports",3D TV: No
Philips 7600 Series 50PUT7605 50-inch Ultra HD 4K Smart LED TV,"₹36,999",72,"49.61 in, LED TV","4K Resolution, 3840 x 2160 pixels","Wifi, Ethernet",Smart TV,"2 Speakers, 20 w Output","Mali G51 Processor, 2 GB RAM, 4 GB Storage",178 ° Viewing Angle,"3 HDMI Ports, 2 USB Ports"
LG OLED55C1PTZ 55-inch Ultra HD 4K Smart OLED TV,"₹1,41,548",80,"55 in, OLED TV","4K Resolution, 3840 x 2160 pixels","Wifi, Ethernet",Smart TV,"2 Speakers, 40 w Output",178 ° Viewing Angle,"4 HDMI Ports, 3 USB Ports",3D TV: No
LumX 43XA6500 43-inch Full HD Smart LED TV,"₹18,499",54,"43 in, LED TV","Full HD, 1920 x 1080 pixels","Wifi, Ethernet",Smart TV,"2 Speakers, 24 w Output","ARM Cortex Processor, 1 GB RAM, 8 GB Storage",178 ° Viewing Angle,"2 HDMI Ports, 2 USB Ports"
Xiaomi Mi TV Lux 77-inch Ultra HD 4K Smart OLED TV,"₹2,29,599",86,"77 in, OLED TV","4K Resolution, 3840 x 2160 pixels","Wifi, Ethernet",Smart TV,"7 Speakers, 70 w Output","Cortex A73 MediaTek MT9650  Processor, 8.5 GB RAM, 64 GB Storage","Ultra Slim, 178 ° Viewing Angle","3 HDMI Ports, 2 USB Ports"
LG B1 OLED55B1PTZ 55-inch Ultra HD 4K Smart OLED TV,"₹1,09,990",76,"55 in, OLED TV","4K Resolution, 3840 x 2160 pixels","Wifi, Ethernet",Smart TV,"2 Speakers, 40 w Output","Quad Core Processor, 2 GB RAM, 8 GB Storage",178 ° Viewing Angle,"3 HDMI Ports, 2 USB Ports"
Xiaomi Mi TV 4C 32-inch HD Ready Smart LED TV,"₹16,499",53,"32 in, LED TV",1366 x 768 pixels,"Wifi, Ethernet",Smart TV,"2 Speakers, 20 w Output","Quad Core Processor, 1 GB RAM, 8 GB Storage",178 ° Viewing Angle,"3 HDMI Ports, 2 USB Ports"
Huawei V98 98-inch Ultra HD 4K Smart LED TV,"₹34,29,999",90,"75 in, LED TV","4K Resolution, 3840 x 2160 pixels","Wifi, Ethernet",Smart TV,"8 Speakers, 50 w Output","Honghu 818 Processor, 4 GB RAM, 128 GB Storage",178 ° Viewing Angle,"3 HDMI Ports, 2 USB Ports"
LG OLED A1 OLED55A1PTZ 55-inch Ultra HD 4K Smart OLED TV,"₹99,999",75,"55 in, OLED TV","4K Resolution, 3840 x 2160 pixels","Wifi, Ethernet",Smart TV,"2 Speakers, 20 w Output","Alpha7 Gen 4 Processor 4K Processor, 2 GB RAM, 8 GB Storage",178 ° Viewing Angle,"3 HDMI Ports, 2 USB Ports"
Sony Bravia KD-50X80J 50-inch Ultra HD 4K Smart LED TV,"₹77,490",73,"49.61 in, LED TV","4K Resolution, 3840 x 2160 pixels","Wifi, Ethernet",Smart TV,"2 Speakers, 20 w Output",4K HDR Processor X1 Processor,178 ° Viewing Angle,"4 HDMI Ports, 2 USB Ports"
LG 65UP7500PTZ 65-inch Ultra HD 4K Smart LED TV,"₹72,999",72,"65 in, LED TV","4K Resolution, 3840 x 2160 pixels","Wifi, Ethernet",Smart TV,"2 Speakers, 20 w Output","Quad Core Processor, 8 GB Storage",178 ° Viewing Angle,"2 HDMI Ports, 1 USB Ports"
LG 65UP7720PTY 65-inch Ultra HD 4K Smart LED TV,"₹79,990",71,"65 in, LED TV","4K Resolution, 3840 x 2160 pixels","Wifi, Ethernet",Smart TV,"2 Speakers, 20 w Output","Quad Core Processor, 8 GB Storage",178 ° Viewing Angle,"2 HDMI Ports, 1 USB Ports"
LG 43NANO73TPZ 43-inch Ultra HD 4K Smart LED TV,"₹38,999",70,"42.52 in, LED TV","4K Resolution, 3840 x 2160 pixels","Wifi, Ethernet",Smart TV,"2 Speakers, 20 w Output","Quad Core Processor, 8 GB Storage",178 ° Viewing Angle,"3 HDMI Ports, 2 USB Ports"
Samsung The Frame 85-inch Ultra HD 4K Smart QLED TV,"₹8,20,990",81,"85 in, QLED TV","4K Resolution, 3840 x 2160 pixels",Wifi,Smart TV,"2 Speakers, 40 w Output","2.5 GB RAM, 8 GB Storage",178 ° Viewing Angle,"4 HDMI Ports, 2 USB Ports"
LG 43UP7720PTY 43-inch Ultra HD 4K Smart LED TV,"₹39,990",66,"43 in, LED TV","4K Resolution, 3840 x 2160 pixels","Wifi, Ethernet",Smart TV,"2 Speakers, 20 w Output","Quad Core Processor 4K Processor, 8 GB Storage",178 ° Viewing Angle,"2 HDMI Ports, 1 USB Ports"
LG 55UP7720PTY 55-inch Ultra HD 4K Smart LED TV,"₹52,999",69,"55 in, LED TV","4K Resolution, 3840 x 2160 pixels","Wifi, Ethernet",Smart TV,"2 Speakers, 20 w Output","Quad Core Processor, 8 GB Storage",178 ° Viewing Angle,"2 HDMI Ports, 1 USB Ports"
Oppo TV K9 55-inch Ultra HD 4K Smart LED TV,"₹39,990",65,"55 in, LED TV","4K Resolution, 3840 x 2160 pixels",Wifi,Smart TV,"2 Speakers, 30 w Output","2 GB RAM, 16 GB Storage",178 ° Viewing Angle,"1 HDMI Ports, 2 USB Ports"
LG OLED A1 OLED65A1PTZ 65-inch Ultra HD 4K Smart OLED TV,"₹1,64,990",78,"65 in, OLED TV","4K Resolution, 3840 x 2160 pixels","Wifi, Ethernet",Smart TV,"2 Speakers, 20 w Output","Alpha7 Gen 4 Processor 4K Processor, 2 GB RAM, 8 GB Storage",178 ° Viewing Angle,"3 HDMI Ports, 2 USB Ports"
Sony Bravia KD-65X85J 65-inch Ultra HD 4K Smart LED TV,"₹1,75,640",80,"65 in, LED TV","4K Resolution, 3840 x 2160 pixels","Wifi, Ethernet",Smart TV,"2 Speakers, 20 w Output",178 ° Viewing Angle,"4 HDMI Ports, 2 USB Ports",3D TV: No
Onida Fire 42FIF 42-inch Full HD Smart LED TV,"₹24,793",53,"42 in, LED TV","Full HD, 1920 x 1080 pixels","Wifi, Ethernet",Smart TV,"2 Speakers, 20 w Output","Cortex A53 Processor, 1 GB RAM, 8 GB Storage",178 ° Viewing Angle,"3 HDMI Ports, 1 USB Ports"
LG 65QNED90 65-inch Ultra HD 8K Smart QNED LED TV,"₹4,59,999",87,"65 in, LED TV","8K Resolution, 7680 x 4320 pixels","Wifi, Ethernet",Smart TV,"4 Speakers, 60 w Output",178 ° Viewing Angle,"4 HDMI Ports, 3 USB Ports",3D TV: No
LG 75QNED95 75-inch Ultra HD 8K Smart QNED LED TV,"₹5,49,999",89,"75 in, LED TV","8K Resolution, 7680 x 4320 pixels","Wifi, Ethernet",Smart TV,"4 Speakers, 60 w Output",178 ° Viewing Angle,"4 HDMI Ports, 3 USB Ports",3D TV: No
Daiwa D50U1WOS 50-inch Ultra HD 4K Smart LED TV,"₹43,999",70,"50 in, LED TV","4K Resolution, 3840 x 2160 pixels","Wifi, Ethernet",Smart TV,"2 Speakers, 20 w Output","ARM CA55  Processor, 1.5 GB RAM, 8 GB Storage",178 ° Viewing Angle,"3 HDMI Ports, 2 USB Ports"
Blaupunkt 42CSA7707 42-inch Full HD Smart LED TV,"₹16,999",58,"42 in, LED TV","Full HD, 1920 x 1080 pixels","Wifi, Ethernet",Smart TV,"2 Speakers, 40 w Output","ARM Cortex-A53 Processor, 1 GB RAM, 8 GB Storage",178 ° Viewing Angle,"3 HDMI Ports, 2 USB Ports"
Panasonic Viera TH-32JS650DX 32-inch HD Ready Smart LED TV,"₹20,490",50,"32 in, LED TV",1366 x 768 pixels,"Wifi, Ethernet",Smart TV,"2 Speakers, 20 w Output",178 ° Viewing Angle,"3 HDMI Ports, 2 USB Ports",3D TV: No
Panasonic Viera TH-65JX850DX 65-inch Ultra HD 4K Smart LED TV,"₹85,999",74,"65 in, LED TV","4K Resolution, 3840 x 2160 pixels",Wifi,Smart TV,"2 Speakers, 20 w Output",178 ° Viewing Angle,"3 HDMI Ports, 2 USB Ports",3D TV: No
Blaupunkt 43CSA7070 43-inch Ultra HD 4K Smart LED TV,"₹24,999",70,"43 in, LED TV","4K Resolution, 3840 x 2160 pixels","Wifi, Ethernet",Smart TV,"4 Speakers, 50 w Output","A53  Processor, 2 GB RAM, 8 GB Storage",178 ° Viewing Angle,"2 HDMI Ports, 2 USB Ports"
Samsung 65QN85A 65-inch Ultra HD 4K Smart Neo QLED TV,"₹1,94,990",81,"65 in, QLED TV","4K Resolution, 3840 x 2160 pixels","Wifi, Ethernet",Smart TV,"2 Speakers, 60 w Output",178 ° Viewing Angle,"4 HDMI Ports, 2 USB Ports",3D TV: No
TCL C728 65-inch Ultra HD 4K Smart QLED TV,"₹1,02,990",80,"65 in, QLED TV","4K Resolution, 3840 x 2160 pixels","Wifi, Ethernet",Smart TV,"2 Speakers, 18 w Output","A73 Processor, 3 GB RAM, 32 GB Storage",178 ° Viewing Angle,"3 HDMI Ports, 2 USB Ports"
Samsung 65AU9070 65-inch Ultra HD 4K Smart LED TV,"₹1,07,990",79,"65 in, LED TV","4K Resolution, 3840 x 2160 pixels","Wifi, Ethernet",Smart TV,"2 Speakers, 20 w Output",178 ° Viewing Angle,"3 HDMI Ports, 2 USB Ports",3D TV: No
Samsung 50Q60AAK 50-inch Ultra HD 4K Smart QLED TV,"₹61,990",72,"50 in, QLED TV","4K Resolution, 3840 x 2160 pixels","Wifi, Ethernet",Smart TV,"2 Speakers, 20 w Output",178 ° Viewing Angle,"3 HDMI Ports, 2 USB Ports",3D TV: No
Samsung 43Q60AAK 43-inch Ultra HD 4K Smart QLED TV,"₹51,990",70,"43 in, QLED TV","4K Resolution, 3840 x 2160 pixels","Wifi, Ethernet",Smart TV,"2 Speakers, 20 w Output",178 ° Viewing Angle,"3 HDMI Ports, 2 USB Ports",3D TV: No
Samsung QA65Q80AAKLXL 65-inch Ultra HD 4K Smart QLED TV,"₹1,34,990",80,"65 in, QLED TV","4K Resolution, 3840 x 2160 pixels","Wifi, Ethernet",Smart TV,"2 Speakers, 60 w Output",Quantum Processor 4K Processor,178 ° Viewing Angle,"4 HDMI Ports, 2 USB Ports"
Samsung Crystal 4K UA65AUE60AKLXL 65-inch Ultra HD 4K Smart LED TV,"₹72,990",72,"65 in, LED TV","4K Resolution, 3840 x 2160 pixels",Wifi,Smart TV,"2 Speakers, 20 w Output",Crystal Processor 4K Processor,178 ° Viewing Angle,"3 HDMI Ports, 1 USB Ports"
Samsung 65AU8000 65-inch Ultra HD 4K Smart LED TV,"₹93,990",78,"65 in, LED TV","4K Resolution, 3840 x 2160 pixels","Wifi, Ethernet",Smart TV,"2 Speakers, 20 w Output",Quad Core Processor,178 ° Viewing Angle,"3 HDMI Ports, 2 USB Ports"
Samsung Q80A 55Q80AAK 55-inch Ultra HD 4K Smart QLED TV,"₹1,11,590",79,"55 in, QLED TV","4K Resolution, 3840 x 2160 pixels","Wifi, Ethernet",Smart TV,"2 Speakers, 60 w Output",Quantum Processor 4K Processor,178 ° Viewing Angle,"4 HDMI Ports, 2 USB Ports"
Samsung The Frame QA65LS03AAKLXL 65-inch Ultra HD 4K Smart QLED TV,"₹1,19,990",83,"65 in, QLED TV","4K Resolution, 3840 x 2160 pixels","Wifi, Ethernet",Smart TV,"4 Speakers, 40 w Output",178 ° Viewing Angle,"4 HDMI Ports, 2 USB Ports",3D TV: No
Philips 8200 50PUT8215/94 50-inch Ultra HD 4K Smart LED TV,"₹39,999",72,"50 in, LED TV","4K Resolution, 3840 x 2160 pixels","Wifi, Ethernet",Smart TV,"2 Speakers, 16 w Output",16 GB Storage,178 ° Viewing Angle,"4 HDMI Ports, 2 USB Ports"
Samsung QA43Q60AAKLXL 43-inch Ultra HD 4K Smart QLED TV,"₹68,990",67,"43 in, QLED TV","4K Resolution, 3840 x 2160 pixels","Wifi, Ethernet",Smart TV,"2 Speakers, 20 w Output",178 ° Viewing Angle,"3 HDMI Ports, 2 USB Ports",3D TV: No
Xiaomi Mi 4A Horizon Edition 40-inch Fulll HD Smart LED TV,"₹21,999",51,"40 in, LED TV","Full HD, 1920 x 1080 pixels","Wifi, Ethernet",Smart TV,"2 Speakers, 20 w Output","Quad Core Processor, 1 GB RAM, 8 GB Storage",178 ° Viewing Angle,"3 HDMI Ports, 2 USB Ports"
Power Guard PG32N 32-inch HD Ready LED TV,"₹7,299",38,"32 in, LED TV",1366 x 768 pixels,Smart TV: No,"2 Speakers, 20 w Output",178 ° Viewing Angle,"2 HDMI Ports, 2 USB Ports",3D TV: No,60 Hz
Power Guard PG32S 32-inch HD Ready LED Smart TV,"₹8,499",51,"32 in, LED TV",1366 x 768 pixels,"Wifi, Ethernet",Smart TV,"2 Speakers, 20 w Output","1 GB RAM, 8 GB Storage",178 ° Viewing Angle,"2 HDMI Ports, 2 USB Ports"
Power Guard PG24S 24-inch HD Ready Smart LED TV,"₹6,999",50,"24 in, LED TV",1366 x 768 pixels,"Wifi, Ethernet",Smart TV,"2 Speakers, 20 w Output","1 GB RAM, 8 GB Storage",178 ° Viewing Angle,"2 HDMI Ports, 2 USB Ports"
Xiaomi Mi P1 43-inch Ultra HD 4K Smart LED TV,"₹38,999",71,"43 in, LED TV","4K Resolution, 3840 x 2160 pixels",Wifi,Smart TV,"2 Speakers, 20 w Output","MediaTek MT9611 Processor, 2 GB RAM, 16 GB Storage",178 ° Viewing Angle,"3 HDMI Ports, 2 USB Ports"
Xiaomi Mi P1 55-inch Ultra HD 4K Smart LED TV,"₹57,999",74,"55 in, LED TV","4K Resolution, 3840 x 2160 pixels",Wifi,Smart TV,"2 Speakers, 20 w Output","MediaTek MT9611 Processor, 2 GB RAM, 16 GB Storage",178 ° Viewing Angle,"3 HDMI Ports, 2 USB Ports"
Skywall 43SW-VS 43-inch Full HD Smart LED TV,"₹13,499",51,"43 in, LED TV","Full HD, 1920 x 1080 pixels","Wifi, Ethernet",Smart TV,"2 Speakers, 30 w Output",Dual Core Processor,178 ° Viewing Angle,"2 HDMI Ports, 2 USB Ports"
Sony Bravia KD-32W820 32-inch HD Ready Smart LED TV,"₹26,990",49,"32 in, LED TV",1366 x 768 pixels,"Wifi, Ethernet",Smart TV,"2 Speakers, 20 w Output",178 ° Viewing Angle,"3 HDMI Ports, 2 USB Ports",3D TV: No
Sony KD-65X80J 65-inch Ultra HD 4K Smart LED TV,"₹97,900",77,"65 in, LED TV","4K Resolution, 3840 x 2160 pixels","Wifi, Ethernet",Smart TV,"2 Speakers, 20 w Output",178 ° Viewing Angle,"4 HDMI Ports, 2 USB Ports",3D TV: No
Kevin KN43ALEXA 43-inch Full HD Smart LED TV,"₹18,215",56,"49 in, LED TV","Full HD, 1920 x 1080 pixels","Wifi, Ethernet",Smart TV,"2 Speakers, 20 w Output","A35 Processor, 1 GB RAM, 8 GB Storage",178 ° Viewing Angle,"3 HDMI Ports, 2 USB Ports"
Sony Bravia KD-65X80AJ 65-inch Ultra HD 4K Smart LED TV,"₹89,999",76,"65 in, LED TV","4K Resolution, 3840 x 2160 pixels","Wifi, Ethernet",Smart TV,"2 Speakers, 20 w Output",178 ° Viewing Angle,"4 HDMI Ports, 2 USB Ports",3D TV: No
Samsung Crystal 4K Pro UA50AUE70AKLXL 50-inch Ultra HD 4K Smart LED TV,"₹43,990",67,"50 in, LED TV","4K Resolution, 3840 x 2160 pixels",Wifi,Smart TV,"2 Speakers, 20 w Output",Crystal Processor 4K Processor,178 ° Viewing Angle,"3 HDMI Ports, 1 USB Ports"
Samsung Crystal 4K UA50AUE60AKLXL 50-inch Ultra HD 4K Smart LED TV,"₹43,990",66,"50 in, LED TV","4K Resolution, 3840 x 2160 pixels",Wifi,Smart TV,"2 Speakers, 20 w Output",Crystal Processor 4K Processor,178 ° Viewing Angle,"3 HDMI Ports, 1 USB Ports"
Samsung Crystal 4K Pro UA65AUE70AKLXL 65-inch Ultra HD 4K Smart LED TV,"₹81,990",72,"65 in, LED TV","4K Resolution, 3840 x 2160 pixels",Wifi,Smart TV,"2 Speakers, 20 w Output",Crystal Processor 4K Processor,178 ° Viewing Angle,"3 HDMI Ports, 1 USB Ports"
Skywall 32SWN 32-inche HD Ready LED TV,"₹5,999",45,"32 in, LED TV",1366 x 768 pixels,Wifi,Smart TV,"2 Speakers, 20 w Output",178 ° Viewing Angle,"2 HDMI Ports, 2 USB Ports",3D TV: No
Skywall 24SWN 24-inch Full HD LED TV,"₹5,499",35,"24 in, LED TV","Full HD, 1920 x 1080 pixels",Smart TV: No,"2 Speakers, 20 w Output",178 ° Viewing Angle,"2 HDMI Ports, 2 USB Ports",3D TV: No,
TCL P725 43-inch Ultra HD 4K Smart LED TV,"₹27,990",66,"43 in, LED TV","4K Resolution, 3840 x 2160 pixels","Wifi, Ethernet",Smart TV,"2 Speakers, 24 w Output",Quad Core Processor,178 ° Viewing Angle,"3 HDMI Ports, 2 USB Ports"
TCL P725 50-inch Ultra HD 4K Smart LED TV,"₹35,990",71,"50 in, LED TV","4K Resolution, 3840 x 2160 pixels","Wifi, Ethernet",Smart TV,"2 Speakers, 24 w Output",64-bit A55×4 1.3GHz Processor,178 ° Viewing Angle,"3 HDMI Ports, 2 USB Ports"
Nokia 7500A 75-inch Ultra HD 4K Smart LED TV,"₹1,23,990",77,"75 in, LED TV","4K Resolution, 3840 x 2160 pixels","Wifi, Ethernet",Smart TV,"2 Speakers, 24 w Output","ARM CA55 Processor, 1.5 GB RAM, 8 GB Storage",178 ° Viewing Angle,"4 HDMI Ports, 2 USB Ports"
AmazonBasics Fire TV Edition AB43U20PS 43-inch Ultra HD 4K Smart LED TV,"₹24,499",68,"43 in, LED TV","4K Resolution, 3840 x 2160 pixels","Wifi, Ethernet",Smart TV,"2 Speakers, 20 w Output","1.5 GB RAM, 8 GB Storage",178 ° Viewing Angle,"3 HDMI Ports, 2 USB Ports"
AmazonBasics Fire TV Edition AB55U20PS 55-inch Ultra HD 4K Smart LED TV,"₹34,999",70,"55 in, LED TV","4K Resolution, 3840 x 2160 pixels","Wifi, Ethernet",Smart TV,"2 Speakers, 20 w Output","1.5 GB RAM, 8 GB Storage",178 ° Viewing Angle,"3 HDMI Ports, 2 USB Ports"
AmazonBasics Fire TV Edition AB50U20PS 50-inch Ultra HD 4K Smart LED TV,"₹30,999",69,"50 in, LED TV","4K Resolution, 3840 x 2160 pixels","Wifi, Ethernet",Smart TV,"2 Speakers, 20 w Output","1.5 GB RAM, 8 GB Storage",178 ° Viewing Angle,"3 HDMI Ports, 2 USB Ports"
Coocaa 50S6G Pro 50-inch Ultra HD 4K Smart LED TV,"₹31,999",69,"50 in, LED TV","4K Resolution, 3840 x 2160 pixels","Wifi, Ethernet",Smart TV,"2 Speakers, 20 w Output","Cortex A53 Processor, 2 GB RAM, 32 GB Storage",178 ° Viewing Angle,"3 HDMI Ports, 2 USB Ports"
Coocaa 42S6G 42-inch Full HD Smart LED TV,"₹17,999",56,"42 in, LED TV","Full HD, 1920 x 1080 pixels","Wifi, Ethernet",Smart TV,"2 Speakers, 12 w Output","Cortex A53 Processor, 1 GB RAM, 8 GB Storage",178 ° Viewing Angle,"2 HDMI Ports, 2 USB Ports"
Xiaomi Mi Q1 55-inch Ultra HD 4K Smart QLED TV,"₹59,999",75,"55 in, QLED TV","4K Resolution, 3840 x 2160 pixels","Wifi, Ethernet",Smart TV,"6 Speakers, 30 w Output","Quad Core Processor, 2 GB RAM, 32 GB Storage",178 ° Viewing Angle,"3 HDMI Ports, 2 USB Ports"
Motorola ZX Pro 50SAUHDMQ 50-inch Ultra HD 4K Smart LED TV,"₹41,999",70,"50 in, LED TV","4K Resolution, 3840 x 2160 pixels","Wifi, Ethernet",Smart TV,"2 Speakers, 50 w Output","MediaTek CA53 Processor, 2 GB RAM, 32 GB Storage",178 ° Viewing Angle,"3 HDMI Ports, 2 USB Ports"
Infinix 32X1 32-inch HD Ready Smart LED TV,"₹15,999",49,"32 in, LED TV",1366 x 768 pixels,"Wifi, Ethernet",Smart TV,"2 Speakers, 20 w Output","MTK 6683  Processor, 1 GB RAM, 8 GB Storage",170 ° Viewing Angle,"2 HDMI Ports, 1 USB Ports"
Kodak 75CA9099 75-inch Ultra HD 4K Smart LED TV,"₹84,999",74,"75 in, LED TV","4K Resolution, 3840 x 2160 pixels","Wifi, Ethernet",Smart TV,"2 Speakers, 30 w Output","MT 5660 Processor, 1.5 GB RAM",178 ° Viewing Angle,"3 HDMI Ports, 2 USB Ports"
Motorola ZX Pro 55SAUHDMQ 55-inch Ultra HD 4K Smart LED TV,"₹45,999",73,"55 in, LED TV","4K Resolution, 3840 x 2160 pixels","Wifi, Ethernet",Smart TV,"2 Speakers, 50 w Output","MediaTek CA53  Processor, 2 GB RAM, 32 GB Storage",178 ° Viewing Angle,"3 HDMI Ports, 2 USB Ports"
iFFALCON by TCL 50K61 50-inch Ultra HD 4K Smart LED TV,"₹29,999",73,"50 in, LED TV","4K Resolution, 3840 x 2160 pixels","Wifi, Ethernet",Smart TV,"2 Speakers, 24 w Output","Amlogic A55 Processor, 2 GB RAM, 16 GB Storage",178 ° Viewing Angle,"3 HDMI Ports, 2 USB Ports"
Sanyo Kaizen XT-43FHD4S 43-inch Full HD Smart LED TV,"₹19,999",57,"43 in, LED TV","Full HD, 1920 x 1080 pixels","Wifi, Ethernet",Smart TV,"2 Speakers, 20 w Output","Quad Core Processor, 1.5 GB RAM, 8 GB Storage",178 ° Viewing Angle,"2 HDMI Ports, 2 USB Ports"
TCL 43P615 43-inch Ultra HD 4K Smart LED TV,"₹24,990",51,"43 in, LED TV","Wifi, Ethernet",Smart TV,"2 Speakers, 24 w Output",178 ° Viewing Angle,"3 HDMI Ports, 2 USB Ports",3D TV: No,Screen Mirroring / Miracast Support
TCL 55P615 55-inch Ultra HD 4K Smart LED TV,"₹46,900",55,"55 in, LED TV","Wifi, Ethernet",Smart TV,"2 Speakers, 24 w Output",178 ° Viewing Angle,"3 HDMI Ports, 2 USB Ports",3D TV: No,Screen Mirroring / Miracast Support
Oppo TV S1 65-inch Ultra HD 4K Smart QLED TV,"₹89,990",81,"65 in, QLED TV","4K Resolution, 3840 x 2160 pixels",Wifi,Smart TV,"18 Speakers, 85 w Output","MediaTek MT9950 Processor, 8.5 GB RAM, 128 GB Storage",178 ° Viewing Angle,"3 HDMI Ports, 2 USB Ports"
Coocaa 43S6G Pro 43-inch Ultra HD 4K  Smart LED TV,"₹22,999",70,"43 in, LED TV","4K Resolution, 3840 x 2160 pixels","Wifi, Ethernet",Smart TV,"2 Speakers, 16 w Output","Cortex A53 Processor, 2 GB RAM, 32 GB Storage",178 ° Viewing Angle,"3 HDMI Ports, 2 USB Ports"
TCL 50P615 50-inch 4K Ultra HD Smart LED TV,"₹27,990",53,"50 in, LED TV","Wifi, Ethernet",Smart TV,"2 Speakers, 24 w Output",178 ° Viewing Angle,"3 HDMI Ports, 2 USB Ports",3D TV: No,Screen Mirroring / Miracast Support
Nokia 32TAHDN 32-inch HD Ready Smart LED TV,"₹16,999",53,"32 in, LED TV",1366 x 768 pixels,Wifi,Smart TV,"2 Speakers, 39 w Output","CA 53  Processor, 1.5 GB RAM, 8 GB Storage",178 ° Viewing Angle,"3 HDMI Ports, 2 USB Ports"
Nokia 65TAUHDN 65-inch Ultra HD 4K Smart LED TV,"₹57,999",76,"65 in, LED TV","4K Resolution, 3840 x 2160 pixels",Wifi,Smart TV,"2 Speakers, 48 w Output","CA 55  Processor, 2 GB RAM, 16 GB Storage",178 ° Viewing Angle,"3 HDMI Ports, 2 USB Ports"
Nokia 55TAUHDN 55-inch Ultra HD 4K Smart LED TV,"₹41,999",69,"55 in, LED TV","4K Resolution, 3840 x 2160 pixels",Wifi,Smart TV,"2 Speakers, 48 w Output","CA 55  Processor, 2 GB RAM, 16 GB Storage",178 ° Viewing Angle,"3 HDMI Ports, 2 USB Ports"
Nokia 50TAUHDN 50-inch Ultra HD 4K  Smart LED TV,"₹37,999",72,"50 in, LED TV","4K Resolution, 3840 x 2160 pixels",Wifi,Smart TV,"2 Speakers, 48 w Output","CA 55  Processor, 2 GB RAM, 16 GB Storage",178 ° Viewing Angle,"3 HDMI Ports, 2 USB Ports"
Nokia 43TAUHDN 43-inch Ultra HD 4K Smart LED TV,"₹32,999",71,"43 in, LED TV","4K Resolution, 3840 x 2160 pixels",Wifi,Smart TV,"2 Speakers, 39 w Output","CA 55  Processor, 2 GB RAM, 16 GB Storage",178 ° Viewing Angle,"3 HDMI Ports, 2 USB Ports"
Haier E-series LE65S8000EGA 65-inch Ultra HD 4K Smart LED TV,"₹99,999",77,"65 in, LED TV","4K Resolution, 3840 x 2160 pixels","Wifi, Ethernet",Smart TV,"2 Speakers, 20 w Output","1.5 GB RAM, 8 GB Storage",178 ° Viewing Angle,"4 HDMI Ports, 2 USB Ports"
LG 65NANO86TNA 65-inch Ultra HD 4K Smart LED TV,"₹1,29,999",79,"65 in, LED TV","4K Resolution, 3840 x 2160 pixels","Wifi, Ethernet",Smart TV,"2 Speakers, 20 w Output",178 ° Viewing Angle,"4 HDMI Ports, 2 USB Ports",3D TV: No
